review_id,steam_id,playtime_forever,review_text,voted_up,bug_detected,timestamp_created
112442376,76561198877763137,36,"tenho 99% de certeza de que ninguém lê as críticas, então direi que sou gay...",True,False,1647651725
112114304,76561199026666082,5189,jogo muito bom me rendeu e rende muitas horas ainda,True,False,1647182606
111693951,76561199103160814,10,"achei bem legal, só acho que poderiam melhorar no level design, os personagens são mto bem feitos, e é um jogo que se continuar evoluindo, tem futuro",True,False,1646590025
111192540,76561198984580922,365,otimo jogo,True,False,1645996376
111011448,76561199196647487,214,gostoso demais,True,False,1645822790
110088508,76561199107120738,237,"gostei bastante do jogo para poder eu passar um tempo me divertindo. não tenho nada a reclamar, o único problema é que ele é jogável e de resto tá tudo bem :d",True,False,1644697059
108074313,76561199027962146,124,jogo muito bom gameplay bem fluida e frenetica :),True,False,1642270112
108062804,76561199012672023,41,bundinha,True,False,1642259519
107732989,76561198824744681,845,muito bommm,True,False,1641824623
107603921,76561198823409633,423,"cacete que joguinho delicia, da pra resumir em meter bala em geral. e precisa de mais do que isso? nota 10/10",True,False,1641660411
107425337,76561198381274851,217,muito divertido para jogar com os amigos!,True,False,1641442721
107309500,76561199005765956,26,lindo só isso a dizer,True,False,1641312142
107245579,76561199050855624,73,muito bom,True,False,1641238837
106829869,76561198438905424,109,achei q era multiplayer kkk,True,False,1640791628
106456782,76561198827256035,20,"até que é um game maneirin, mas só peça na hora que vai colocar em modo multiplayer. pois ele buga e só funciona se outro estiver com controle de console(não sei se sou eu ou games, caso alguém saiba resolver isso me avisem)... podem melhorar isso ai",True,True,1640387906
106453590,76561198990603285,860,problemas serios com save de data (progresso no jogo e deletado mo meio do nada),False,False,1640384003
104684503,76561198155268203,486,"tenho 99% de certeza de que ninguém lê as críticas, então direi que sou gay",True,False,1638185313
104078954,76561198131404126,1749,"muito divertido de se jogar com amigos! jogando sozinho tive alguns problemas de morrer instantaneamente, por exemplo, eu estava jogando com o biu na segunda volta e por 1 segundo que abaixei o escudo um sniper me acertou um tiro de fora da tela, não houve aviso nenhum e ele arrancou todo o meu hp de uma vez só, e como todo bom roguelike, morreu acabou, comece do zero. jogando com amigos, se um cair o outro continua e pode trazer o amigo de volta ao passar todos os mapas da fase atual.",True,False,1637930685
103020054,76561198942982868,491,"o jogo é legal e talz, só que não tá salvando, tirando isso o jogo é bom",True,False,1637287693
102651947,76561199021442164,612,ele simplesmente n salva o jogo,False,False,1636728012
102348942,76561198298312382,2048,"rapaziada bonecos estilosos, tiro loucos e musicão maneiro bixo pow pow pow pow. no ritimo da batida tem de tudo soco, tiro, bomba e desgraça é um poquinho dificil mas poha jogo gratis bom dms rapaziada 10/10",True,False,1636237770
102294279,76561198271925476,558,pica,True,False,1636163272
102015490,76561198438334300,158,jogo mt divertido recomendo '-') 👍,True,False,1635754236
100627121,76561199037252589,905,muito foda,True,False,1633537279
99916894,76561199068031908,258,"joguei por um tempo razoável, porém quando reentrei no jogo metade do meu progresso foi perdido.",False,False,1632542376
97824018,76561198854293718,864,"esse jogo é ótimo e bem viciante, o único bug que percebi foi que eu perdi metade das coisas que eu tinha na nave incluindo os personagens :(",True,True,1629323294
97545656,76561198963223167,221,a,True,False,1628943343
96480867,76561198264049693,43,"recomendo alguém testar e me falar o que acha, porque eu não lembro desse jogo direito.",True,False,1627422199
95333750,76561198203019935,4502,quite poggers,True,False,1625755592
95037607,76561198148392630,1135,brabo :),True,False,1625408300
94998690,76561198176603366,336,brabor,True,False,1625362313
94303304,76561198281694704,1286,jogo muito bom é divertido pra passar o tempo podia ser multiplayer mais muito bom mesmo assim,True,False,1624584707
94129256,76561199085709739,274,é muito bom este game da para ficar um bom tempo nele.,True,False,1624303640
93832776,76561198129248533,1094,"é divertido, leve, com uma boa gama de personagens, não aquele game super desenvolvido, mas garante a diversão, mesmo que depois de algumas horas acabe ficando um pouco massante, ainda assim é divertido e desafiante quando vc chega a um certo ponto, recomendo pra quem quer um jogo apenas pra passar o tempo e/ou quem gosta de um bom desafio, nesse caso o desafio está depois que vc avança um bocado ^^",True,False,1623812476
93817561,76561198435526187,933,"bom pra krl, além de ter um suporte para a linguagem mais linda e maravilhosa de toda a história da humanidade, o huehuebr",True,False,1623785363
93368933,76561198352215277,188,"o nome da 12 é punheteira, já ganho pra mim",True,False,1623092354
93336389,76561199030216133,430,serio muito bom o jogo tava procurando um jogo e quando achei esse viciei muito rapido recomendo muito,True,False,1623041219
93271636,76561199051448760,627,"jogo espetacular, realmente superou minhas expectativas justamente pelo fato de apesar de ser curto é muuuuuuuuuuito divertido, recomendo a quiser e puder jogar. obs: roda até numa calculadora, joguei num celeron b800 e peguei 30 fps cravado sem instabilidade.",True,True,1622951810
92736751,76561198205399029,1346,"jogo brasileiro não significa jogo ruim, sempre existe uma luz no fim do túnel, e nesse caso que luz bonita em cara, um jogo roguelike onde se você jogar, não vai parar e quando estiver cansando de jogar, via descobrir que pode trocar o idioma do jogo de ingles, português e uma versão mais criativa do pt-br, digamos assim. pode baixar jogar, e colocar no verdadeiro idioma br",True,False,1622214589
92501220,76561198057251854,39,"free e divertido demais, vc pode jogar com seus amigos e ter várias horas de risos, a proposta do game é simples e ainda sim entrega um game divertido, 9,99+0,01/10. :v",True,False,1621825459
91815579,76561199037611104,475,bom jogo,True,False,1620732867
91740421,76561198210605833,638,muito bom pode jogar eu agaraituchu,True,False,1620607389
91667804,76561199135042019,377,muiu bao,True,False,1620505274
90549140,76561198382347486,386,"recomendo mas deveria ter mais variedades de armas, mas mesmo assim e muito bom.",True,False,1618787123
90044212,76561198216316883,18874,simplesmente o jogo que jogo há mais tempo aqui na minha conta. e é de graça! ótimo rouguelike,True,False,1618028921
89800584,76561199023686257,5,bom,True,False,1617667555
89499734,76561198075712239,194,"vtnc, comandante ducan!!! aaaaaaaaaaaaaaaaaaaaaaaaaaaaaaaaaaaaaaaaaaaaaaaaaaaaaaaaaaaaaaaaaaaaaaaaaaaaaaaaaaaaaaaaaaaaa jogo bom",True,False,1617288382
89145576,76561198384092772,933,"o jogo é legal mas ta meio bugado, já perdi meu save 3 vezes.",False,True,1616798517
88956354,76561199033563101,312,bão,True,False,1616521081
88600548,76561199109725597,122,top achei bem frenetico recomendo muito,True,False,1616004340
88279283,76561198873043475,456,um bom passa tempo.,True,False,1615522508
87974882,76561198133976807,361,"jogo muito bom e divertido, jogabilidade ótima e fluida, alem do visual e trilha sonora divertidos",True,False,1615060230
87858266,76561198055152770,388,é bonzinho,True,False,1614894158
87780212,76561198810981458,994,jogo muito bom para se jogar e fica ainda melhor com um amigo porém a falta de um multiplayer online dificulta para se jogar com um amigo,True,False,1614776146
87551523,76561199064226476,228,"jogo muito legal, gráficos bem bonitos. recomendo",True,False,1614442707
87444942,76561198298429970,437,muito bom.,True,False,1614296035
87316559,76561199004662605,571,dificuldade 🔲 uma senhora de 80 anos completaria 🔲 fácil 🔲 normal 🔲 difícil ✅ depende da dificuldade que escolher gráfico 🔲 ms paint 🔲 irrelevante 🔲 ruim ✅ bom 🔲 lindo gostoso 🔲 obra de arte trilha sonora 🔲 ruim 🔲 nada de especial ✅ boa 🔲 de arrepiar preço 🔲 poderia ser mais barato ✅ bom 🔲 na medida 🔲 muito caro 🔲 dinheiro jogado fora requisitos ✅ roda em uma batata 🔲 mais ou menos 🔲 pc gamer 🔲 computador da nasa vale a pena? 🔲 não ✅ sim (muito),True,False,1614118388
87193229,76561199094857118,443,"nossa que jojgo maravilhoso nao laga dependendo do seu pc os graficos sao bem feitos os inimigos sao uns babacas sem alma...oque deixa o jogo ainda melhor a musica e mt boa e combina perfeitamente com oque ta acontecendo. tem varios tipos de arma tipo pistola pistola boa escopeta metralhadora pistola op bagarai um tiro hit kill uma arma que parece uma sniper que o alcance e gigantesco e tira mt dano entre outras... e tem varios tipos de jogadores,o meu amigo disse que ele e do tipo tank imparavel(ele n falou isso mas foi tipo isso)que seria vai pra cima no maior fds. tem tmb o outro tipo que seria meio que cautelozo como eu que vai bem devagar que da so critico e mata numa e aproveita os vaos dos blocos. tem mais mas nao lembro :p tem tmb como fazer guerra entre os personagens sim isso mesmo da pra fazer guerra e matar os restantes quando todo mundo ja estiver morto,e so voce correr com por exemplo um cachorro ate um pato e sair com o dash e feito! voce fez uma guerra. mas tem algo chato que e o campo de visao dos inimigos se voce ta atras de uma pedra sem ter como eles te veem eles veem voce de qualquer jeito,podiam colocar um campo de visao e nao um circulo que oque entra e visto mesmo que esteja atras de uma parede tipo voce esta atraz da parede com o circulo voce e visto,mas se voce estiver atras de uma parede com o campo de visao voce nao seria visto e daria pra ser mio que ''stelf'' mas e so isso o ponto ruim tem varias outras coisas mas este e o principal.",True,True,1613948606
87166454,76561198379766475,143,bom,True,False,1613916649
87128542,76561198133033333,485,é bão e é de graça,True,False,1613865823
87109878,76561198453934064,176,"o jogo é bem divertido na verdade, a pixel art é bem charmosa e a ost combina bem com o clima do jogo, nada de incrível más é legal. não é um jogo cheio de conteúdo, más manda bem no que se propõe (fora que é um jogo gratuito né...) e tem um fator de rejogabilidade interessante, como multiplayer. vale umas boas horas",True,False,1613843255
86990306,76561199038416208,74,bacaninha,True,False,1613694871
86913508,76561198418779320,500,muito divertido pra passar o tempo e se desafiar.,True,False,1613602936
86769981,76561198072572819,95,"é um jogo muito divertido, feito por uma desenvolvedora brasileira de jogos. vale a pena jogar este e outros jogos deles para apoiar o mercado brasileiro de games. :d",True,False,1613451550
86749335,76561198286137883,197,bonzinho no começo mas depois fica bem enjoativo e massante.,True,False,1613427086
86722860,76561198872128176,1456,muito divertido,True,False,1613402549
86644733,76561198013353873,425,esse jogo mudou minha vida consegui um emprego na nasa por causa dele,True,False,1613322198
86627774,76561198319174289,393,viciante demais,True,False,1613308677
86597921,76561198441022104,532,"muito legal, a gameplay é mt boa, o design e o visual dos personagens são bacanas, e se for pra falar algo ruim do jogo é a demora q o relic hunters legend ta tendo, eu to esperando esse jogo a tanto tempo e até hj n lançou, quando lançar vai ter q ser um jogão em kkk",True,False,1613277074
86474117,76561198912643239,365,muito foda,True,False,1613144603
86463958,76561198954990881,160,a espera do relic hunters legends.,True,False,1613133720
86460373,76561198185402254,461,the game good,True,False,1613128602
86456865,76561198453019693,228,"não é um jogo ruim tlgd, mais é melhor ainda quando ainda se adquire cartas para vender no mercadin ^-^",True,False,1613124516
86431064,76561198839970619,126,é um otimo jogo para passar o tempo,True,False,1613089495
86423379,76561198001355067,406,"divertido, caprichado, bem feito; é um jogo simples, mas a soma das suas partes resultam numa experiência gostosa e potencialmente desafiadora. twin stick shooter com comandos rápidos e um visual e áudio que permitem jogar por períodos mais longos de tempo sem cansaço.",True,False,1613078909
86415623,76561198453763874,1892,jogo perfeito maravilhoso cheiroso abençoado maginifico explendido perfeição feita por deuses muito obg por horas de jogo e pelo lançamento do remaster e n vejo hora do novo jogo,True,False,1613070078
86222511,76561198875298350,279,"muito divertido, recomendo pra passar o tempo e se divertir",True,False,1612811587
86038062,76561198235842462,250,jogo incrivel. gostei de tudo. - seiji -,True,False,1612572168
86028684,76561199047644018,212,"muito bom, baixem, serio",True,False,1612558954
85973263,76561199044670193,855,"aquele roguelike gostoso de gostume, top, top",True,False,1612484893
85719807,76561198797487580,2916,bom,True,False,1612128380
85359351,76561198256681944,150,a tabom,True,False,1611628260
84608493,76561198321509527,384,m,True,False,1610539894
84230201,76561198254641881,953,"o jogo é bem legal ate, e por ser de graça, não tem motivos para não jogar. o jogo tem boas musicas, muitos personagens e tal. mas é bem mal balanceado em alguns modos, como no infinito. além disso, as conquistas são bemmmmmmm mais chatas do que outros jogos dos mesmos desenvolvedores. enfim, é bom para passar o tempo, mas bem chato para platinar.",False,False,1610037154
84151239,76561198974794293,11,a,False,False,1609942675
83654004,76561198375029180,87,"esse joguinho lembra um pouco o enter the gungeon, só qe é gratuito e ao invés de várias salinhas separadas é uma sala mediana cheia de inimigos por andar. é possível jogar single e coop (local ou online através do remote play), porém pra segunda opção uma pessoa precisa ficar no mouse e teclado e outra no controle. a jogabilidade é legalzinha, viciante pra qm gosta do estilo de visão de cima e lutas desafiadoras qe em caso de morte faz voltar tudo do zero. mas não se preocupe, pois qnto mais vcê repete as partidas, mais pontos vcê jnta até poder comprar pra iniciar direto no andar ao morrer. por exemplo, caso morra no terceiro andar e tenha pontos suficientes na base vcê pode comprar pra iniciar direto do segundo ou do terceiro andar, o qe já facilita bastante... mas ainda assim tenha em mente qe esse é um jogo difícil, então pra qm qr algo casual não vai ser de tanto agrado.. de todo modo vale a pena dar uma chance, afinal é gratuito e bem leve de baixar.",True,False,1609424746
83610924,76561198329410652,308,"simplesmente magnifico, ainda mais com um 2° player, recomendo dms, pfvr joguem",True,False,1609375135
83447300,76561198839210094,189,sim lucas,True,False,1609214227
83399671,76561198417068859,65,bom,True,False,1609171704
83118876,76561199013013607,206,faltou pvp nessa porra,False,False,1608908187
82301338,76561198142223124,675,boladãoooooooooooooooooooooooooooooooo!,True,False,1607895395
81989097,76561198909184646,2161,pica.,True,False,1607614925
81312074,76561198097331483,910,divertido e caótico,True,False,1606790199
81304787,76561198868052439,430,"puta jogo ótimo, por maior visibilidade de jogos br",True,False,1606784836
80989139,76561198865647659,739,"relic hunters zero é simplesmente sensacional, muito divertido e viciante, além de ser completamente gratuito, por isso, venho recomendar esse maravilhoso game para vocês. irei citar agora os pontos negativos e positivos: [b] pontos positivos: [/b] [list] [*]muito divertido [*]viciante [*]leve [*]gratuito [*]você pode jogar com um amigo (coop local) [*]mecânica interessante [*]gráficos bonitos [*]músicas insanas [*]muitas conquistas [*]uma boa variedade de personagens [*]muito frenético!! [/list] [b]pontos negativos:[/b] [list] [*]a falta do modo online [*]apenas 4 fases [*]inimigos parecidos (não me refiro a aparência e sim a mecânica) [*]os mapas não apresentam uma variedade tão grande [/list] [b]considerações finais:[/b] olha, levando em conta que o jogo é gratuito e pesa uns 100mb, eu sinceramente desconsidero os pontos negativos, então se você tem uma bomba, carvão, torradeira, pedra como pc, recomendo fortemente baixar e se divertir. caso queira jogar com algum amigo porém não conseguem devido a distância e a falta do modo online, sugiro que baixem um programa chamado parsec, que vai permitir que seu amigo jogue com você, como se estivesse ao seu lado. para a equipe quero dar meus sinceros parabéns pelo exímio trabalho que realizaram, o jogo é muito bom, estou ansioso para o lançamento de relic hunters legend, que parece ser outro jogo incrível e que com toda certeza irei passar horas e horas da minha vida jogando. enfim, resumindo tudo, baixem logo esse jogo maravilhoso!!!",True,False,1606623180
79675566,76561198122424397,659,⠄⠄⠄⠄⠄⠄⠄⠄⠄⠄⠄⠄⠄⠄⠄⠄⠄⠄ ⠄⠄⠄⢠⣶⣶⣦⣤⣶⣦⣤⣶⣶⣤⡄⠄⡆⠄ ⠄⣂⣀⣿⣿⣿⣿⣿⣿⣿⣿⣿⣿⣿⣷⠄⡆⠄ ⢠⢻⣿⡿⣟⡛⠻⢿⣿⣿⡿⠿⠟⠻⢿⣿⣇⠄ ⢀⣺⣿⡟⠋⡉⢉⠚⢿⣿⠗⢊⠙⡛⢿⣿⡌⠄ ⠈⣝⣿⣿⣿⣧⣤⣤⣿⣿⣶⣤⣼⣿⣿⣿⡇⠄ ⠄⠙⣿⣿⣿⣿⣿⡿⣿⣿⣷⣿⣿⣿⣿⡟⠄⠄ ⠄⠄⣿⣿⣿⠛⣋⣩⣬⣥⣤⡍⢙⣿⣿⡇⠄⠄ ⠄⠄⠘⣿⣿⣴⣭⣿⣿⣿⣿⣵⣾⣿⠏⠄⠄⠄fodase? ⠄⠄⠄⣿⣿⣿⣿⣷⣤⣴⣿⣿⣿⣿⠄⣠⠤⠄ ⢀⠄⠚⣿⣿⣷⡌⣁⣀⣀⣩⣴⣿⣿⠄⠈⣍⣛.,True,False,1606073142
79279235,76561198253511289,521,muito massa! interessantes distinções entre os personagens. ritmo empolgante e armas que agregam muito a personalização do jogo.,True,False,1605398643
78738521,76561199013928793,1081,awesome game,True,False,1604539170
78569316,76561199064357249,133,joguei or uma hora e achei pitisimo,True,False,1604289652
78437314,76561199083770123,1101,,True,False,1604115691
78432988,76561198323107952,1790,mt bom mesmo,True,False,1604109101
78025681,76561199025123058,1711,zerei o game o jogo é uma lindeza ;) é muito bom por que além de gráficos bonitos ele é de graça! só faltou ser online daí vai ficar muito bom mas vlw aí glr por ler este comentário,True,False,1603471689
77930994,76561198845107046,252,bom,True,False,1603303122
77736786,76561198060762838,15260,bom,True,False,1602988223
77383607,76561198338627782,5539,graficos simples mas gameplay incrivel n me arrependo de nenhuma das horas que passei jogando esse incrivel jogo,True,False,1602404779
77042472,76561198974238483,138,viciante,True,False,1601839552
76996230,76561198288687579,553,rfgv6,True,False,1601769582
76890015,76561198093354307,765,"divertido, bom pra passar o tempo",True,False,1601604944
76290810,76561198144972756,2011,muito genial bom demais incrivel,True,False,1600622567
76175700,76561199086612352,1295,muito bom e da para jogar no controle,True,False,1600443722
75676320,76561198314034991,843,pois bem essa deve ser minha unica analise seria aqui. esse jogo é perfeito.,True,False,1599615722
75435716,76561198426192030,269,simples e divertido mas o melhor de tudo: roda em qq pc,True,False,1599237476
74957597,76561199013824352,513,"muito legal e divertido, eu joguei sozinho e com amigos e funciona muito bem.",True,False,1598470592
74647559,76561199042375194,63,"eu não achava que esse jogo ia ser tão bom o quanto é, estou indicando para todo mundo porque vale muito a pena!",True,False,1597981460
74043157,76561198859177837,341,jogo muito bom e divertido,True,False,1596998437
73915295,76561198424396007,183,se tivesse multiplayer seria massa,True,False,1596807597
73872678,76561198415641703,1554,"mano do céu, que jogo do caralho. arrisco dizer que esse é o jogo indie brasileiro e o mais foda que eu já joguei na minha vida, parabéns aos envolvidos nessa beldade.",True,False,1596733274
72594235,76561198096330117,293,.,True,False,1594602393
72523979,76561198273444944,622,ok,True,False,1594503020
72310999,76561198965174617,915,"é muito bom, só isso mesmo... kkkk(ainda mais que ele é gratis, e tem graficos muito fofinhos, jogabilidade dahora, e varios personagens, e muitos modos e """"""finais"""""" pra você jogar denovo, denovo, denovo, e ficar viciado.)",True,False,1594229394
72179320,76561198988848367,272,atire colete itens e armas e se divirta,True,False,1594059821
72062898,76561198241918602,563,"divertidamente viciante, pena que pode acabar",True,False,1593918801
72060984,76561199013206068,52,melhor jogo para enfia mod ate o rabo kk,True,False,1593916194
72015921,76561198093800181,525,"era uma linda tarde de outono quando conheci esse jogo, meados de 2015. bem desafiador, sabe? pixel art dava uma nostálgica sensação de infância. o desenrolar da estória não era massante, tudo era muito bem justificado para você entrar metendo a porrada em geral, explodindo os bloquinhos e atirando como se estivesse com cheat de munição infinita, chato quando precisava parar para recarregar. tudo nas mil maravilhas nessa preciosidade. até que, resolvi mexer nas configurações do jogo, trocar umas teclas de atalho, preferência pessoal das minhas memórias. e irmão, esbarrei no menu de línguas de exibição do jogo... o jogo já estava em português-brasil, o que mais poderia encontrar lá? por essa eu nunca imaginaria, nem em mil anos. existe uma tradução para o [b]hue br[/b], e meua migo, é sensacional. não tô falando de meme zoado introduzido de qualquer forma não, estou tocando num ponto mais poético aqui. são falas muito bem destiladas de gírias brasileiras que nem eu manjava, e claro que tem muito palavrão aqui e ali. já não sei mais o nome das coisas no original, sério. só sei que adoro jogar com o [i]alemão[/i] usando a espingarda [i]punheteira[/i], e ser constantemente xingado pelo narrador por fazer um trabalho medíocre sendo um idiota na frente de um computador. tem como ser melhor?",True,False,1593864280
71876838,76561198140038869,61,gostei,True,False,1593695303
71598519,76561198129532435,153,jogo desafiante mas incrível um dos melhores jogos de graça que joguei mas apenas não gostei que não tem multiplayer online mas acho que vão colocar mais pra frente. recomendo,True,False,1593373716
71495781,76561198221534740,18,"inesperadamente muito bom, o jogo mostra ser muito divertido, tem um aspecto mobile, mas é relaxante e divertido.",True,False,1593270062
71442412,76561198336000955,1197,divertido,True,False,1593214242
71278855,76561198426610752,299,dahora,True,False,1593014014
71006290,76561198984328518,94,legal po po yo po po poyo,True,False,1592531455
70642147,76561198271964861,1236,"jogo mt bom mesmo, graficos gostosinhos dms, queria mt um multiplayer online, mas eles ja tao fazendo outro jogo desse online ent n tem mt o q reclamar sjkdkahs",True,False,1591901945
70154550,76561198425042819,473,"cara , é bom , mas falta sal:steamsalty:",True,False,1591031060
70018897,76561198398701115,75,muito massa,True,False,1590799615
69856508,76561198251769380,489,legal,True,False,1590525104
69815792,76561199006866418,90,só jogue pra pegar a insignia (:,True,False,1590462244
69813265,76561198996930479,164,",",True,False,1590457407
69586134,76561198236354596,1848,"um dos melhores jogos que eu já experimentei na steam,com o nivel certo de desafio pra não ser nem muito facil e nem dificil pra caralho além de contar com vários personagens legais e com mecanicas diferentes",True,False,1590127995
69333771,76561198071036572,172,amei. produtora linda jogo lindo tradução linda super criativo jogo br memu open source lindissimo nao vejo a hora de sair a versao coop dele sz,True,False,1589755048
69274869,76561198334079822,1208,"relic hunters zero is a funny game with great replay value, although it's kinda buggy sometimes. i should also mention it can get boring without any friends to play with.",True,True,1589675582
69200515,76561198107228932,492,laian laian laian,True,False,1589580907
69021987,76561198818891641,3440,um shooter simplesmente incrivel com drop de loots que algo que eu adoro em jogos desse tipo sem duvida um shooter rpg brasileiro extraordinario,True,False,1589304462
68940590,76561198408795616,388,bão,True,False,1589177246
68698179,76561198315307660,303,"excelente, uma otima opção para quem tem um pc batata.",True,False,1588802599
68572930,76561198191404270,129,legal,True,False,1588621598
68395122,76561198405558183,67,adorei 5/10,True,False,1588374513
68217039,76561198291923082,478,pew pew pew as pequenas arminhas são fofas e os personagens também. a musiquinha é super legal aaaa tudo é maravilhoso eu amei d+ 10/10,True,False,1588133167
68142457,76561198979759571,6,"perfeito pra jogar cooperativo. divertido demais. valeu a pena cada minuto. e o melhor, foi de graça.",True,False,1588024105
68072723,76561198182476803,365,top,True,False,1587923837
67877857,76561198284032814,1268,:),True,False,1587652126
67699098,76561198309664175,1113,uma bosta,False,False,1587403884
67667091,76561198318715201,268,foda,True,False,1587359396
67632904,76561198965058320,145,"jogo de fps maneiro e gratificante para pessoas que curtem fps por que é fps e a o mesmo tempo não parece mais para mim pelo menos o modo em níveis desse jogo e muito divertido mais o modo história eu não sei dizer tanto assim sobre ele, mais eu só sei que eu tô muito feliz com o relic hunters zero (ou rhz) que pode ser um jogo muito legal para todo mundo e também pode ser bem divertido para muitos também e eu realmente espero que esses desenvolvedores brasileiros façam total sucesso, já que fazem jogos tão bons e a empresa ou o estúdio deles também é bem legal, mais é divertido e recomendo esse game pelos níveis o modo história e o modo livre e quando lançar vai ser ou pode ser bom, mais no final de tudo o que importa é que esse jogo é, pelo menos para mim, um dos que estão muito legal até agora.",True,True,1587310083
67318716,76561198126644902,135,"excelente joguinho pra se divertir com co-op local. total compatibilidade com controles/joysticks (ípega e vinyson). ação e tiroteio intensos, com diferentes armas pra usar. recomendo muito.",True,False,1586894477
67316403,76561198868750627,330,"muito bom, recomendo jogar com um controle",True,False,1586891876
66966100,76561198369883666,2420,"é simples, mas é da hora.",True,False,1586448851
65629825,76561198275666857,1417,jogo sensacional. simples para jogar e muito divertido.,True,False,1584971662
65565967,76561198968866449,135,"esse jogo é incrível, eu amo jogos de dungeons e jogos 2d pixelados ex: enter the gungeon e nuclear trone etc.e é feito por brasileiros! pqp q jogo incrível, lindo e gostoso, e tem a pegada de nuclear trone e isso é muito bom pra quem gosta de jogos deste tipo (dungeons) vocês só estão no começo de um jogo que vai evoluir muito creio eu. quando relic hunters legends lançar sem duvidas vou jogar.",True,False,1584896343
65466556,76561198796094363,236,10/10 melhor jogo de todos os temos,True,False,1584790575
65352697,76561198208140724,121,dificilzinho! :p,True,False,1584651349
65122877,76561198195881627,287,"o jogo funciona muito bem, tem uma boa variação de personagem e é muito divertido",True,False,1584325002
65117945,76561198056832422,39,addictive game,True,False,1584316727
65045352,76561198258255536,262,"completamente gratuito e super divertido,é muito legal ver um estúdio brasileiro fazendo bons jogos,continuem assim,jogasso!.",True,False,1584215347
64982234,76561198381331097,106,muito bom.,True,False,1584128646
64764186,76561198193238334,455,"muuito bom, adorei.",True,False,1583762257
64615747,76561198819418792,626,tiro,True,False,1583530940
64613243,76561198966328941,41,"o jogo e bom mais e uma beta então acho que o jogo vai melhorar muito mais,ele e bom si",True,False,1583526525
64413283,76561198872898126,268,"muito bom, curti mto.",True,False,1583164075
64408904,76561198255000636,628,"um jogo brasileiro muito bom : - musica 10/10 - jogabilidade 10/10 (compatibilidade total com controle de ps ou xbox, tanto pra jogar junto no teclado e mouse) - historia 9/10 (ta muito bem feito, depende de como vc a interpretar ) - tempo de jogo (moderado, leva algum tempo pra vc pegar o jeito e zerar, mas é muito melhor com um amigo que saiba) - requisitos pra jogar (qualquer pc roda, se tu tiver um bem coco, vai ter sorte se chegar nos 10 fps)",True,True,1583157700
63849501,76561198442700385,415,y not,True,False,1582243138
63550439,76561198882790786,39,"o jogo e muito muito bom é fofinho, é bem divertido no tempo livre",True,False,1581777853
63344964,76561197996719335,346,"jogo excelente, absurdamente divertido.",True,False,1581436579
63130695,76561198314519634,858,foda,True,False,1581123583
62935871,76561198391467182,1008,"o jogo é muito bom, não vejo a hora de lança o relic hunters legend",True,False,1580776471
62042493,76561198343456389,1133,jogo simples mas mt legal consegue te prender por varias horas,True,False,1579369519
62001244,76561198247424892,8,"muito bom.... fico feliz em participar do projeto royg... 2019,,,, quem gosta desse estilo de jogo e maravilhoso.",True,False,1579303157
61312886,76561198453289001,850,é um jogo divertido pra passar o tempo,True,False,1578173983
61229631,76561198860920172,339,"esse jogo é interessante pois trata-se de um shooter, e a empresa que o desenvolveu pensou em múltiplas coisas para melhora-lo.",True,False,1578075750
61176591,76561198972609247,483,"nao e por patriotismo mas o jogo e muito bom,e o workshop da uma otima vida util ao jogo",True,False,1578008559
60641696,76561198146854704,738,otimo,True,False,1577415410
60342260,76561198452387011,1238,muito bom,True,False,1577046039
60279722,76561198269193272,691,o jogo é ótimo,True,False,1576975812
60144747,76561198414549787,119,muito bom recomendo,True,False,1576802996
59929559,76561198453046712,578,.,True,False,1576446793
59879021,76561198344489025,264,jogo top,True,False,1576384006
59621208,76561197987391854,432,muito bom!,True,False,1576001485
59436923,76561198286470658,395,legal,True,False,1575741019
59361076,76561198288900925,334,jogo incrivel para passar o tempo muito divertido,True,False,1575655230
59357886,76561198876232933,346,"jogo incrivel, trilha sonora magnifica e graficos exelentes. uma pena que nao tem spawnpoint",True,False,1575651927
59251844,76561198141341327,1187,foda,True,False,1575508153
59175055,76561198167518857,512,muito bom e viciante n paro de jgoar quer mais faces,True,False,1575411298
59155185,76561198242694270,5367,"o jogo e muito bom, o modo infinito e bem desafiador e o jogo nao enjoa",True,False,1575393362
59081117,76561198416325894,1100,jogo brasileiro muito epico recomendo para todos os gamers de todas as regioes,True,False,1575332870
59067420,76561198074816091,33,jogo exepcional,True,False,1575321621
58319731,76561198303342918,619,"caralho maluco, eu to surtando, jogo bom da porra, a musica é incrivel, faz 3 dias que eu nao janto jogando essa merda, o idioma em hue é a melhor coisa já criada pelo homem, gostei.",True,False,1574898900
57372403,76561198263926504,711,gostei mais do modo tempestade.,True,False,1574007478
56587479,76561198366972173,454,ta top,True,False,1572989245
56581454,76561198978669014,502,top :d,True,False,1572982571
56517681,76561198844840405,1363,maravilhoso,True,False,1572905451
56190089,76561198908823948,767,"[h1]o tiro come solto![/h1] esse sem dúvidas é um dos melhores jogos que já joguei na steam, o gráfico é excelente, a ""história"" incrível, e a gameplay é sensacional! o jogo é basicamente um fps com visão de cima(shmup), é muito divertido jogar, e não é cansativo, com o tempo você vai ficando tão bom que você completa as fases em 5 minutos. mas não se preocupe! o jogo tem um modo infinito e um modo de desafios! tente sobreviver! foi muito bom saber que ele foi feito em uma engine que eu trabalho(game maker), o que me deu uma motivação para voltar a criar jogos nela, aguardo ansioso pelo relic hunters legend! [h1]nota final:[/h1] [u]10/10.[/u]",True,True,1572637554
55695474,76561198450647091,725,"(1 = 0/10 | 2= 5/10 | 3= 10/10) computador para gráfico mínimo (x) 1 ( ) 2 ( ) 3 música ( ) 1 (x) 2 ( ) 3 jogabilidade ( ) 1 ( x) 2 ( ) 3 geral ( ) 1 ( ) 2 (x) 3 um bom jogo de ação e com bastante coletáveis e conquistas, para um jogo gratuito é bem top",True,False,1571611664
55664609,76561198192749518,2385,um amor chamado relic hunters zero.,True,False,1571464152
55513271,76561198894183292,1520,bom demais pinto,True,False,1570555971
55373634,76561198086988410,203,melhor jogo brasileiro atrás do quem pode salvar júlia (y),True,False,1569902847
55343869,76561198963704768,685,na minha opinião o jogo é legal mais é melhor jogar com os amigos,True,False,1569805764
55274106,76561198813756020,246,"é ótimo ver aqueles malditos patos explodindo perante minha pistola. passei 3horas jogando esse jogo simplesmente viciante, agora sou viciado em matar patos ( credo ).",True,False,1569416001
55266798,76561198430568964,1256,"é bom pod ""compra""",True,False,1569365296
55239392,76561198823676342,297,"este jogo me marcou no coração, foi o primeiro jogo que eu joguei da steam, se vc procura um jogo de ação 2d e não tem dinheiro ,eu recomendo esse jogo, sobre o game gráficos os gráficos dos jogos não são o mais importantes,mas graças esses gráficos/otimização me fez poder rodar esse jogo quase sem lag. e são pixelados o que me deixa feliz ^_^ , mas isso depende da opinião de cada um (eu acho) gameplay a gameplay desse jogo e muito boa,(também esqueci de mencionar que esse jogo e muito bom para passar o tempo) um estilo 2.5d a jogabilidade também e muito boa, você controla a arma pelo mouse e sai atirando em todo mundo que vc vê na frente sem contar o workshop da steam e o multiplayer vou tentar atualizar quando possível ^_^",True,True,1569193735
55221959,76561198864098265,482,"gostei muito desse jogo mas eu encontrei um problema no modo infinito em que simplesmente o jogo deu erro,crashou e eu gostaria que vocês consertassem isso porfavor.",True,True,1569102571
55218594,76561198303995174,1451,jogo muito bom recomendo a todos,True,False,1569087781
55191506,76561198814068362,660,"e um jogo bem massa pra passar o tempo (um bom tempo),o jogo se desse pra jogar online ia ser melhor mais n tenho nada a reclamar além disso.",True,False,1568941415
55010362,76561198344154471,311,"o jogo é bom, dá pra se divertir muito :d",True,False,1567901552
54846308,76561198348722761,417,"além de ser um jogo brasileiro, é mto bonito e legal de jogar. é curto e grátis, vale a pena.",True,False,1566947841
54590047,76561198259393884,23,muito bom,True,False,1565652522
54462190,76561198821132949,129,bom,True,False,1564961847
54444170,76561198229509208,479,"""da próxima eu te ajudo"" e até hj nunca tive ajuda",True,False,1564867327
54413350,76561198980190720,77,otimo para passar o tempo!!,True,False,1564707309
54383412,76561198106958087,21,"para quem esse jogo foi desenvolvido? ( ) espermatozóides. ( ) crianças. (x) tudo e todos. ( ) adolescentes. ( ) adultos. texturas, gráficos, lindeza? ( ) 220 x 120p. ( ) meia boca, tem piores. ( ) dentro da média atual. (x) bonito e agradável. ( ) meu olho não aguenta essa qualidade incrível. bugs. ( ) o jogo em si é uma falha. ( ) bug pra todo lado, tipo tiro em favela no rio. ( ) alguns bugs mas dá pra jogar. (x) bugs que não atrapalham. ( ) sem bugs notáveis. é difícil? ( ) basta assisitr o jogo. ( ) da pra zerar jogando num volante.. ( ) padrão, bem de boa. (x) bem desafiador, as vezes difícil. ( ) muito dificil. ( ) vai chorar, dar rage e bater na mãe até conseguir ser pro. duração do jogo base. ( ) piscou, acabou. ( ) 15 minutos dá. (x) entre 2-5 horinhas. ( ) entre 6-12 horas ( ) muito tempo, no minimo umas 30 horas ( ) até enjoar do jogo. história. ( ) nunca nem vi ( ) não tem, um pubg da vida.. ( ) tem história só para não dizer que não tem. (x) dá para gostar da história, se esforçando . ( ) cuidado para não se apaixonar.(porém é meio confusa) ( ) dava para fazer um livro! músicas. ( ) era melhor sem. (x) da pra escutar, no baixo... ( ) boa. ( ) os caras capricharam no áudio. ( ) baixe a playlist pra escutar no ónibus. requisitos do pc. (x) computador da minha avó. ( ) mínimo ( ) médio ( ) rápido ( ) computador da nasa. para melhor experiência. ( ) desinstalar. ( ) o jogo é offline. (x) singleplayer. ( ) co-op. ( ) multiplayer. ( ) há apenas multiplayer me arrependo de ter comprado? ( ) sim com certeza x ) não",True,True,1564548381
54369172,76561198340856854,97,"o jogo é bem legal, consegue te distrair enquanto os seus pais brigam para decidir com quem fica a sua guarda! aprovado! 9/10",True,False,1564476818
54308708,76561198351573671,260,"um ótimo jogo rogue-lite ou rogue-like, que tem como principal função a busca por relíquias e alguns itens que podem ajudar na sua jornada q talvez seja pela platina.que podem ser achados ou coletados para sua coleção, achados(as) em forma de tesouros ou comprando com estrelas(mesmo sendo uma quantidade bem reduzida em comparação com outros jogos do gênero, valendo a pena o farm, pois cada arma/item que você coleta, você pode ter alguma vantagem para próxima run ). bom pra passar o tempo, um jogo bem simples,não é muito variado em questão de monstros, existindo apenas um boss, mas recomendo pela boa diversão proporcionada mesmo q por poucas horas. finalizei todo o adventure mode no hard",True,False,1564165364
54293793,76561198824207408,717,incrivelmente bom.,True,False,1564091036
54274137,76561198209146061,980,"jogo muito bom, recomendo muito para quem quiser jogar com algum amigo em multiplayer local, jogo incrivel.",True,False,1563992692
54105171,76561198160333945,1547,eu gosto muito de jogo e estou muito impolgado para o relic hunter legend que vai lançar só que no modo aventura que e o que eu mais tem muita poca arma sem mod da oficina da steam .e isso e outra coisa exelente sobre o jogo a comunidade faz muito conteudo para o jogo feito na oficina da steam como novas armas,True,False,1563165391
54059502,76561197995557188,593,jogo bom eu recomendo,True,False,1562959414
54057700,76561198852989178,540,muito bom...,True,False,1562952756
53945228,76561198320904969,2174,"jogo muito bom, seu design é simples mas cativante, por ser um jogo simples e não possuir história elaborada a mecânica de jogo e das relíquias e armas que você desbloqueia é interessante por não ser algo complicado e dependendo apenas de sua disposição em encontra-los. o jogo tem o modo aventura e infinito como seus principais modo de jogo, o aventura como o modo mais ""básico"" e nele podendo desbloquear novos personagens, o modo infinito usa um sistema um pouco diferente do modo aventura, com as estrelas (moeda do jogo) apenas disponíveis durante a partida. ambos os modos tem como o objetivo derrotar o general ducan (um dinossauro apelão), que dependendo das suas armas e personagens pode ser mais fácil ou difícil. os personagens, são 7 personagens jogáveis e cada um tem características únicas e limitações, por exemplo o jimmy consegue usar todos os tipos de armas e o biu não consegue usar nenhuma. cada personagem é desbloqueado de uma maneira e desbloquear todos é algo interessante a se fazer. uma coisa que enriquece a mais o jogo é que a comunidade pode criar armas para o game e assim qualquer um pode baixar e ter uma variedade maior no seu arsenal, e as armas baixadas ficam disponíveis para ser compradas no modo infinito. o game em si não oferece muitas coisas para fazer e para continuar o jogo com um desafio a mais e as conquistas estão ai para isso, muitas delas são bem difíceis de se conseguir mas vale a tentativa. o modo coop é legal a pesar de eu ter jogado apenas 2 vezes e o jogo não conta com um modo on-line. minha análise termina aqui, ficou longa e talvez mal feita mas queria falar mais sobre esse jogo que eu gosto tanto e fazer uma análise decente, agora é só esperar para o relic hunters legend pra jogar online com uns amigos.",True,False,1562529257
53856334,76561198091317355,428,maneiroooo!!,True,False,1562457860
53803463,76561198496677210,79,top,True,False,1562425883
53689773,76561198822897361,54,legal e bonito,True,False,1562347639
53574528,76561198369461445,382,joguinho muito legal de hell bullet e ainda de graça super recomendo,True,False,1562273350
53441901,76561198159242676,2125,top,True,False,1562198305
53154988,76561198230186940,403,loco memo,True,False,1562075444
53038937,76561198436343622,30,"não meu jogo favorito, mas bem bacano",True,False,1562029110
53017235,76561198362218920,2259,jogo 10/10,True,False,1562021246
52991107,76561198271707402,273,"jogo muito bom graficos e tudo mais, mas a campanha, é meio curta e não tem tanta emoção, precisava ter mais bosses, inimigos...",True,False,1562014016
52667185,76561198194092663,71,bem divertido esse jogo e espero pelo novo tbm,True,False,1561939221
52645079,76561198077071080,418,top,True,False,1561934547
52599192,76561198155560896,475,"jogo muito divertido, apesar de curto super recomendo!",True,False,1561927415
52538834,76561198143098597,2098,"um shooter em 3ª pessoa bem inspirados em run and guns, que te prende até o boss final. apos isso voce tem acesso a novos equipamentos e heroes o que te dá a sensação de quer mais, de querer todas as conquistas e ""platinar"" o game. pode se tornar m pouco repetitivo depois e conta recentemente com um novo modo - tempestade -. o jogo tem uma continuaçao recente multiplayer a qual eu aconselho muito jogar também.",True,False,1561920490
52358090,76561198418984762,93,frenetic d+,True,False,1561884647
52291429,76561198293836302,5,"parece ser divertido, vou jogar mais um pouco depois mas recomendo sim.",True,False,1561865868
52243813,76561198359780147,340,a,True,False,1561852936
51933868,76561198203868947,1118,um ótimo arcade shooter para passar o tempo.,True,False,1561812761
51914511,76561198844263026,1019,jogo foda é o melhor... é de gratis,True,False,1561810823
51633650,76561198833514005,49,o jogo é legal e com otima mecanica,True,False,1561780812
51602349,76561198215175565,4994,um dos melhores jogos do gênero,True,False,1561777076
51549132,76561198094728040,3291,bom.,True,False,1561772103
51449411,76561198085357703,135,show,True,False,1561494343
51251506,76561198839494481,209,não curti!,False,False,1560668554
51139791,76561198145862918,86,deveria ter um versão multiplayer online do jogo,True,False,1560095310
51038989,76561198216183497,32,"cara, esse jogo é muito bem feito!! é grátis, aproveita e baixa logo!!!",True,False,1559605996
51019945,76561198450138685,9,bem legal,True,False,1559504984
50899283,76561198834583086,632,legal pra passar o tempo,True,False,1559006451
50894997,76561198233571904,1440,"bom demais para ser de graça, aproveite! gameplay limpa, gráficos legais, tem tradução para o português.",True,False,1558988709
50816993,76561198809938092,147,tem poucas fases e também e um puco repetitivo mas e bem divertido no geral da para jogar com os amigos e solo também.,True,False,1558746877
50806303,76561198331499275,241,otimo jogo para passar o tempo,True,False,1558718690
50701414,76561198441440286,566,jogo legal demais orgulho brasileiro,True,False,1558183042
50673302,76561198823876323,79,top,True,False,1558022771
50661387,76561198146726060,66,pontos positivos: gráficos agradáveis jogabilidade simples porém intuitiva f2p dificuldade decente roda em qualquer maquina mediana pontos negativos: falta de co-op online em geral ótimo jogo para você passar seu tempo 9/10 :d,True,False,1557949170
50623893,76561198846908855,27,jogo muito divertido para passar o tempo recomendo de mais e e super lele =),True,False,1557745862
50617512,76561198257879912,396,bom jogo,True,False,1557699530
50602478,76561198879490087,35,muito bom!!!!,True,False,1557632572
50590658,76561198809570273,1035,um jogo que joguei por muito tempo... eu me arrependo de não ter instalado antes ;),True,False,1557580595
50586021,76561198851948776,10,"niiice, o jogo é mto bom",True,False,1557560270
50565723,76561198413242303,27,"joguinho bem legal para quem gosta de jogos de tiro pixelados,certamente melhor jogar quando estiver sem internet(isto é apenas uma sugestão), chega dessa bagaça toda e vamos logo pros prós e pros contras! prós: -jogo offline bem legal -mods incríveis -multiplayer muito bom -gráficos pixel deixa uma gameplay até que exclusiva. contras: -não tem história própria mente dita -apesar de ter poucas horas,sei que às vezes o jogo vacila deixando o player com raiva e sem vontade de jogar -jogar sem amigos também perde a graça olha, na minha opinião,relic hunters zero é um jogo divertido,mais que pra mim ele perdeu um pouco a graça recomendo!",True,False,1557451079
50561825,76561198807254476,683,jogo muito bom para joga com amigos e sozinho,True,False,1557429356
50547178,76561198342998273,400,"este adoravel jogo, que encontrei procurando jogos com poucos mb's foi um dos melhores e que realmente me esforcei para jogar (tenho dificuldade de jogar jogos sozinho sem estar em calls com amigos e etc) mas realmente me deixou mt feliz jogando agora aki vai alguns pros e contras: historia: ( )novo livro baseado em fatos veridicos reais. ( ) roteiro de vingadores (x) lendas urbanas ( ) historias de livro para crianças ( ) historias daqueles maluco que fica na bera do rio com um pedaço de pau na mao e uma linha na agua. a lembrei,o nome e pescador. graficos: ( ) mais real que a vida real realistica de realidade. ( ) gta vi gratis sem virus utorrent www.xaublinha69.com.russia ( ) pixel art das musicas de lo-fi. (x) um mario world da vida, so que melhor. ( ) é, pelo menos da pra enxergas as cores. ( ) novo filme charlie chaplin. ( ) filme adaptado para cegos. (x) eu exagerei no topico de graficos. jogabilidade: ( ) exenção do seu pensamento. (x) controle com fio. ( ) controle sem fio a 0,1 centimetros de distancia do console/pc ( ) a minha internet q ta com + de 8000 de ping ou é o controle? o quão pesado o jojo é ( ) a nasa tentou rodar, mais foi necesario o processamento de mais 4 satelites. ( ) bf1 da vida ( ) gta v da vida (x) vai rodar, so n se esquece de fechar o xvideos ( ) tira a placa mãe a placa de video e o cabo de energia q roda. ( ) n presisa de pc pra rodar. coisas q vc encontrar nesse jogo. linguagem hue zoeiras mais armas com os mods da oficina uns pato, unzumanu ( uns humano pra quem n entendeu), chefoes robados no começo e depois parece os capangas do tutorial. modo infinito. grratix, quer melhor isso? serio vc qquer msm? ok ent. grraficoxxxx bunitinhuxxxx mais coisa ainda? ent ta vamu pro principal.[ pra vc n se divertir jogando isso vc presisa n ter nascido fim.",True,False,1557345552
50535461,76561198255556279,147,very adicting and fun!,True,False,1557279764
50532261,76561198327866814,7,sem multi jogador online,False,False,1557259648
50418565,76561198402890514,2752,divertido demaisss,True,False,1556742959
50415318,76561198803923421,137,incrivel os graficos são bem bonitos,True,False,1556732240
50360089,76561198160130574,48,"tem alguns bugs mas é mt bom, recomendo dms",True,True,1556404910
50328320,76561198094733049,11,legazinho,True,False,1556259947
50241314,76561198329827569,139,mt bom espero q venha o proxima versao,True,False,1555802004
50137550,76561198871182284,320,"e um bom jogo, senti uma inspiração em um jogo mobile com esse mesmo estilo. precisa ser mais otimizado e polido.",True,False,1555282541
50134952,76561198178539779,26,"eu começei a jogar, e quando eu vi na opção de mudar de lingua, vi o ''hu3'' , ai eu me perguntei. [i] '' caraca meu, imagina se todo game tivesse esse tipo de linguagem, ia ser muito mais divertido'' [/i] aconteçe que não~! pois relic hunters, é um game unico, com conceitos pixelados incriveis e tambem 100% br. isso é op, recomendado, pra qualquer um que tiver um pc da xuxa que nõ roda cryssis.",True,False,1555269966
49901384,76561198450819431,785,legal e top,True,False,1554159041
49774389,76561198173203769,41,"essa tradução é muito boa ""hue"" kkkkkkkkkkkkkkkkkkkkk",True,False,1553622441
49656519,76561198319117574,286,"muito bom. tem uma pegada divertida, desafiadora (coletando as relíquias) e também é legal pra aqueles que não tem nada para fazer e querem só passar o tempo. o gráfico simples e colorido deixa o jogo mais bonito e apresentável e não polui muito a tela.",True,False,1553057832
49582121,76561198427915297,149,melhor que free fire,True,False,1552691785
49545355,76561198447197848,2423,"gostei muito da jogabilidade e da trilha sonora, eu achei o traço de pixels muito bonito, inclusive os personagens que são muito bonitos eu recomendo para você jogar porque esse jogo é muito bem feito e é grátis, também achei legal a possibilidade de adicionar armas dentro do jogo que deixa o jogo ainda mais legal.",True,False,1552556886
49504937,76561198269601465,1645,"muuuuito bomm rodou no meu computador suave, e é um dos jogos mais bonitos e suaves que já vi, recomendo super a única coisa desapontante é o pequeniníssimo número de levels pra se cumprir, fora isso, o jogo é simplismente incrível",True,False,1552328775
49468539,76561198320060097,104,e um jogo muito bom pra quem gosta de enter in the gungeon,True,False,1552172304
49444840,76561198133975835,194,jogabilidade incrivel graficos simples porem fantasticos e deferentes historia meio...meh personajens bonitinhos e legais recomendo,True,False,1552094621
49421169,76561198391843581,4066,2nice4me cantr8,True,False,1552008886
49328481,76561198397219504,433,"este jogo é bom, só faltou o coop, e não sei se acontece com todo mundo, o cursor do jogo as vezes para de funcionar, adicionando o coop e resolvendo meu problema, o jogo fica muito melhor na minha opinião.",True,False,1551587154
49307170,76561198341899178,137,foda loko,True,False,1551499338
49288017,76561198085813387,1193,gostei,True,False,1551406582
49269431,76561198280093876,706,"é muito bom, principalmente se tratando de uma empresa br!",True,False,1551305996
49198597,76561198811811986,505,"jogo muito bom, graficos exelentes, jogabilidade boa, uma otima escolha para os gamers de mac, e sem duvidas o sistema de escolha de idioma.hmmmmm magi+nifico hue hue br br, recomendo muito esse jogo, fiquei fissurado logo na primeira jogatina xd, 1.000.000/10 top",True,False,1550965336
49064091,76561198404372603,99,"1-grafico; r:ótimo pro estilo do jogo sempre tem algo q mais pra fazer reptir a historia. 2-comunidade r:lindia, sempre tem um item que essa coisa lindia faz, fazem itens de outros jogos etc. obs:recomendo joga e n abandona esse jogo é muito legal",True,False,1550452553
49043025,76561198312732963,248,h u e,True,False,1550369355
49031793,76561198203577667,1121,to so esperando o legends,True,False,1550329187
48993458,76561198859405350,476,jogo muito bom,True,False,1550174672
48880387,76561198452893832,62,divertido,True,False,1549737914
48856437,76561198801782433,234,bem viciante,True,False,1549662290
48854661,76561198375174385,1055,muito bom,True,False,1549656141
48854620,76561198382259144,131,"o jogo é bom mesmo, é quando você tem um controle pra jogar om um amigo. mais tirando isso o jogo é pika",True,False,1549655980
48722228,76561198124810228,98,da para passar o tempo,True,False,1549149750
48705362,76561198432711503,443,muito top,True,False,1549090639
48619389,76561198231801936,788,"curto, porém cheio de coisas a explorar. a equipe que criou esse jogo teve muito carinho, é preciso ajudar eles a fazerem o proximo jogo, porque aparentemente, será uma aventura muito mais epica.",True,False,1548728721
48600782,76561198366990592,410,good,True,False,1548640834
48511837,76561198422371997,112,secsu,True,False,1548277547
48408297,76561198420856121,311,legal(mais ou menos),True,False,1547847356
48386420,76561198205177711,383,very bom this jogo,True,False,1547744542
48261236,76561198397464077,855,"uma aventura espacial repleta de tiros e explosões, num estilo gráfico de uma pixelart meio cartunesca, bem colorida e com personagens muito fofos. uma história e jogabilidade simples, mas ao mesmo tempo desafiadora. o game com seis personagens jogáveis e a opção de multiplayer local foi inteiramente feito por uma equipe brasileira. que optaram por manter o código fonte do jogo aberto, se você entende de programação ou tem interesse, talvez ache legal dar uma olhada nisso. e vale muito a pena dar uma chance para o jogo, que é gratuito, e mesmo se não fosse. é ótimo para passar o tempo, além de funcionar em qualquer pc.",True,False,1547242472
48231271,76561198431052017,200,um jogo diferenciado com uma jogabilidade inovadora e graficos pixelados pq nao??? :) feito por filantropos,True,False,1547156404
48212214,76561198262797586,517,bom pra pasar o tempo :v,True,False,1547064778
48210618,76561198844643367,6599,"não muito bom pra jogar todos os dias.., mas é bom",True,False,1547058390
47945484,76561198820729613,460,"a história deste jogo é boa, o desenvolvimento como personagem eu achei lento, o jogo é muito divertido e viciante.",True,False,1546143020
47940670,76561198300546561,364,animações muito bem feitas e agradáveis.,True,False,1546127427
47881794,76561198169741358,3343,bom,True,False,1545958032
47875598,76561198118624985,34,"jogo brasileiro, indie, gráficos lindos e é top. recomendadissímo",True,False,1545941390
47790427,76561198336153362,177,muito bão pena que a zerei,True,False,1545689617
47722750,76561198246362588,1141,"trilha sonora magnífica, esse jogo em gráfico de pixel é o melhor passatempo! adorei a possibilidade de adicionar mais armar com os mods da oficina.",True,False,1545521853
47687967,76561198801085595,819,"após muito tempo, consegui zerar ""relic hunters zero"", agora esta na hora da minha analise. o jogo tem uma premissa de ser um ""shooter"" 2d, dirversão é algo garantido para esse jogo, com 5 personagens diferentes com suas propias habilidades e armas, o arsenal do jogo é relativamente grande com escopetas, pistolas, metralhadoras, rifles, rifles de assalta, submetralhadoras e escopetas, alem de possuir uma workshop de armas feitas pelos fãs. o jogo possui reliquias, itens que melhoram as habilidades do seu personagens e que são conseguidos jogando, mas apenas apareceram se você não estiver usando nenhuma outra reliquia. os personagens são oque marca, cada um é perito em tipos armas diferentes, alem de possuirem habilidades especiais que os destacam. o jogo é divido em 4 fases e 1 fase chefão, a historia é que você é um dos 6 caçadores de reliquias jogaveis que precisam derrotar os ""ducans""(patos caçadores de recompensa) e deverá encontrar e derrotar o ""comandante ducan""(o chefão do jogo) o jogo foi feito por brasileiros e é uma demonstração do que será ""relic hunters legends"" um jogo muito mais complexo que esse. o coop do jogo é local, em que um jogador usa o teclado e o outro usa um controle(obs: controles de ps2 não funcionam neste jogo), espero que atualizem adicionando um multiplayer online. nota 8.5/10.",True,False,1545424115
47534308,76561198205514059,21,tem como jogar isso em coop de alguma manera?,True,False,1544834380
47534011,76561198359594791,437,"jogo incrivel, muito bonito e roda em pcs fracos.",True,False,1544832813
47313551,76561198841825601,170,jogo top só não sei botar no multiplayer local mas pra isso q existe youtube :3,True,False,1544037293
47245427,76561198871813026,44,muitooooooo boooooommmmmmmm,True,False,1543712205
47233404,76561198254483153,32,"-jogo extremamente mal otimizado -pixelart razoável -compatilidade horrível para o controle -trilha sonora boa, mas enjoativa",False,False,1543674318
47206604,76561198808012805,211,um bom jogo muito bem feito e dificil realmente bom mais um problema é que ele enjoa depois de um tempo mais se você gosta de games de pixel ele é perfeito para voce um jogo muito bem feito e a melhor parte ele é de graça entao se você nao gostar nao tem problema eu dou nota 7/10 pelo fato que pode enjoar depois de um tempo,True,False,1543575238
47198529,76561198808426419,120,muito legal,True,False,1543535616
47176532,76561198831806263,899,"jogo de meter bala nos bicho. bom demais, jogaí.",True,False,1543452045
47138821,76561198093702406,393,muito divertido,True,False,1543333943
47001748,76561198144577971,536,"jogo muito bom, é o melhor de tudo, gratuito",True,False,1543199532
46945844,76561198318322323,922,"muito divertido, da pra passar o tempo.",True,False,1543162109
46697188,76561198273215685,500,jogo foda parabens aos desenvolvedores continue assim,True,False,1543024490
46665484,76561198392015908,121,kakaka top por favor jana me liga de volta n aguento mais viver assim sei que tu tem meu numero ainda serio me liga princesa,True,False,1543006691
46490564,76561198078869282,242,"um ótimo jogo para matar o tempo, tu começa a jogar e não quer mais parar, a dificuldade é desafiante e te faz querer mais e mais, estou animado para a continualão desse jogo.",True,False,1542935895
46452298,76561198435882146,865,"jogo muito divertido e emocionante,eu recomendaria para muitos de meus amigos, somente nao gostei que a historia do jogo é muito curta, se fosse mais longa ia ser mais legal",True,False,1542920044
46276445,76561198197992051,651,veri gud dis gami,True,False,1542888898
46122597,76561198077408019,883,"é sério que eu ainda não tinha feito análise desse game?! :steamfacepalm: normalmente eu não curto shooters desse estilo, mas [i]relic hunters zero[/i] é fora do comum. é difícil. muito difícil. mas longe de ser frustrante. isso porque mesmo que você morra nas fases, você não perde os pontos que ganhou e por isso estará um pouco mais forte a cada vez. e vai assim até conseguir derrotar o chefão. tem vários tipos de armas, você escolhe a que mais te agradar e pronto: dá-lhe chumbo! também tem um modo infinito, para os jogadores mais hardcores. desse modo não falo muito porque não o joguei (estou longe de ser hardcore). mas a cereja do bolo mesmo é que é bem humorado. engraçado mesmo! inclusive, na escolha das línguas, tem a língua [i]hue[/i] que é num português completamente zoeira-never-ends! acho que todo esse ""bom-humor"" do jogo foi uma das coisas que evitou a frustração pelas inúmeras morte e me fez continuar jogando fissuradamente!",True,False,1542852793
46090994,76561198321342003,270,jogo perfeito jogo bem feito,True,False,1542845255
46000842,76561198337265936,279,jogo brabo me deu trofeuzin,True,False,1542831497
45924182,76561198014166902,970,"um dos melhores jogos gratuitos disponíveis no steam, rende boas horas de jogatina. [url=https://steamcommunity.com/sharedfiles/filedetails/?id=518347391]esse guia[/url] ensina a dropar cartas sem gastar absolutamente nada.",True,False,1542779294
45897907,76561198323538614,1124,muito top um dos meus jogos favoritos estou ancioso para lançar relic hunters legend,True,False,1542632549
45809239,76561198138334613,403,"otimo jogo para passar o tempo, muito divertido e não enjoa fácil :3 recomendo",True,False,1542197106
45740014,76561198439147592,93,muito bom :d,True,False,1541854093
45685211,76561198271170726,1945,recomendo bastante se gosta desse tipo de jogo.,True,False,1541602897
45642673,76561198215426863,302,bom,True,False,1541438502
45562793,76561198432148896,108,jogo top e gratis,True,False,1541081246
45456833,76561198856965885,412,pontos fortes 1-bonito estilo cartunesco(desenho) 2-gameplay longa 3-exige um pc fraco-gamer 4-exige pouca internet 5-muitos dezafios 6-viciante 7-legendas em português ------------------------------------------ pontos fracos 1-não e dublado ------------------------------------------ nota 09/10,True,False,1540605753
45345222,76561198360075521,837,otimo recomendo muito,True,False,1539984173
45316774,76561198273446964,176,extremamente divertido!,True,False,1539819450
45254425,76561198302405988,296,cade o 2 que esse jogo é mt bom s2,True,False,1539461393
45195171,76561198836763505,1929,"game muito bom recomendo ele tem uma vairedade razoável de armas e personagens, a ia é está entre medio e boa os graficos são pixelado, mas eles adicionam um certo charme ao game, e pelo preço nem preciso falar nada. nota final: 8.5",True,False,1539116846
45103084,76561198840524531,229,o jogo e muito bom recomendo,True,False,1538669716
44984963,76561198350496590,2496,muito bom e foda memo doido so to esperando o segundo,True,False,1538149709
44750057,76561198123082478,546,multplayer mode pleaaseeee,True,False,1537029922
44719537,76561198857440709,484,"relic hunters zero um jogo com graficos simples mais com um design simplesmente impressionante, é dificil ver jogos igual esse hoje em dia pois a maioria está focando em jogos com qualidade que surpreendam o jogador, jogos dessa forma podem ser agradavel quando se está com nada pra fazer ou precisa de um passatempo, relic hunters é um bom jogo e espero as proximas atualizações. nota: 8.5",True,False,1536880970
44691440,76561198445766468,749,s2,True,False,1536716181
44686025,76561198122114931,459,"mucho bon joguen, tiro 2d muito bom com historia, media o sistema de tiro dps q acustuma fica bom.",True,False,1536685988
44659746,76561198337101820,727,"um jogo muito sem noção e divertido, e é um dos meus favoritos. realmente eu recomendo que baixem",True,False,1536531569
44606980,76561198857704367,451,legal,True,False,1536277744
44592046,76561198092518862,104,muito bom o controle e a trilha sonora sem falar os graficos q sao otimos roda liso,True,False,1536195424
44576048,76561198269364274,207,"otimo jogo apoio a todos a baixar se não baixou ainda , eu acho que o jogo poderia ter um modo online coop seria divertido mas mesmo sem ter o modo online ja esta otimo o jogo",True,False,1536114206
44561178,76561198330586977,410,10/10,True,False,1536035750
44521462,76561198165640152,331,"shooter de visao de cima bem simples e legal tem uma campanha divertidinha porém bem pequena mas da pra re-jogar já q ele tem armas diferentes,relíquias e personagens para desbloquear,alias as reliquias armas e personagens sao bem legais tem bastante personagens cada um com seus stats e poderes e reliquias q ajudam dando poderes. o jogo pode ser jogado no single player ou multiplayer (apenas local e com controles)",True,False,1535858142
44466805,76561198224393288,18,"joguei pouco, mas é um jogo muito legal e os graficos são bonitos",True,False,1535640348
44394005,76561198306005261,111,°3° baum!,True,False,1535308491
44389019,76561198846172766,430,pontos fortes 1 roda em pcs ultra fracos-fortes 2 graficos bonitos de se ver 3 da cartinhas 4 da para jogar duas pessoas no mesmo pc 5 possui modo hitoria ---------------------------------------------- pontos fracos 1 pouco tempo de modo historia 2 nessessario 15 cartas para fazer uma insingnia ---------------------------------------------- nota 9/10 ---------------------------------------------- caso você queira saber saber quanto tempo leva para teminar o modo historia esse site vai te ajuda>>https://howlongtobeat.com/,True,False,1535291584
44379165,76561198261446435,789,nota 10/10 -é brasileiro -trilha sonora incerivel -tem acesso a workshop,True,False,1535243618
44358890,76561198311212030,91,um bom jogo de passatempo,True,False,1535151167
44356846,76561198313962862,2069,melhor jogo top down shooter 2d master top que ja joguei,True,False,1535141801
44354698,76561198400731686,130,goty,True,False,1535133098
44342113,76561198387283951,84,eu goxtei e legal graficos 2d similar a hot line miami (recomendo),True,False,1535075867
44340386,76561198284307971,357,bom ue vou falar o que,True,False,1535065823
44284302,76561198434111602,113,"é um jogo bom para passar o tempo, e tem pixel arts bem feitas e simples até parecido com hyper light drifter em jogabilidade conclusão: é um bom jogo",True,False,1534812330
44257813,76561198185358534,41,jogo muito bom. otima jogabilidade é uma boa escolha para passar o tempo. super recomendo!!,True,False,1534700305
44244558,76561198225056084,43,estou louco pro proximo jogo,True,False,1534656391
44122843,76561198308628242,457,um jogo divertido com uma proposta bem diferente contém muitas armas e inimigos para se preocupar 8/10,True,False,1534177169
43972496,76561198128228399,923,"peguei free, e ainda droprou umas cartinhas. ja ta de bom tamanho. jogos free ---> https://discord.gg/xd2yqmg cola la pra ta sempre por dentros das keysde jogos e dlc free. :)",True,False,1533592731
43938078,76561198181574241,15,muito divertido!,True,False,1533432755
43932436,76561198110048311,889,jogo incrivel e muito bom para passar o tempo!,True,False,1533405812
43881615,76561198305680236,142,"muito bom recomendo bastante, ainda mas se quiser jogar com um amigo!",True,False,1533163990
43781395,76561198383496215,852,"um jogo indie muito bom, recomendo ( se e que a minha recomendação vale de algo )",True,False,1532712153
43768215,76561198328612430,29,.,True,False,1532654736
43762551,76561198423201057,84,nice,True,False,1532629211
43728437,76561198199202429,674,"um game mt divertido,que com certeza vc vai vicia .",True,False,1532489072
43671972,76561198302203875,590,otimo!! requer u mpc bonsinho pq o meu é meio ruim e trava as vezes mas fora isso é um jogo fera dms!!,True,False,1532226431
43611600,76561198123048009,195,muito bom o jogo graficos otimos esses pixeis ficaram perfeitos com o jogo jogabilidade tudo e otimo,True,False,1531945625
43575032,76561198139917840,447,bom,True,False,1531785045
43568257,76561198823323669,401,legal,True,False,1531758994
43567545,76561198366655904,183,é um jogo muito bom recomendo.,True,False,1531756441
43550836,76561198404973343,132,muito bom!jogabilidade otima e graficos muito bonitos. recomendo!.,True,False,1531679716
43545409,76561198392827475,322,bom,True,False,1531660006
43539971,76561198809933189,351,ocitumu jooj recumentro,True,False,1531637616
43494003,76561198231605396,391,"analise do ferretto: muito bom jogo, sua jogabilidade é acima de minhas espectativas iniciais, assim como todo o enredo do jogo. os inimigos são bem progamados, tornando a jogatina trabalhosa muitas vezes, mas depois que pega a manhã fica mais fácil. grato",True,False,1531442888
43403225,76561198422174169,174,otimo,True,False,1531064258
43356344,76561198798953381,55,extremamente bom!,True,False,1530897910
43339532,76561198307514146,707,"meo deos muito bom esse jogo pqp calma, deixa eu explicar gameplay boa pra carai, sinceramente eu amo ela, quando eu morro eu coloco a culpa em mim porque nao da pra culpar a gameplay graficos bons, pixelados mas em questao de arte do jogo poderia ficar melhor. trilha sonora nostalgica, sao freneticas o que combina com o nivel. nao chega no nivel de undertale e hotline miami mas é muito bom os segredos desse jogo nao sao muitos, mas vale a pena explorar. recomendo 9/10 atualmente vai lançar relic hunters legend e eu to muito ancioso pra jogar",True,False,1530840791
43324266,76561198408422177,78,"o jogo em si é muito bom, mas tem um problemas com os controles genéricos não funciona queria jogar com o meu irmão e so tenho um controle genérico, qualquer ajuda para resolver comente aqui!. ( talvez esteja com 6 mins, mas jogei em outra conta umas 6 horas de jogo!.)",True,False,1530797258
43255965,76561198262743069,282,.,True,False,1530571518
43200632,76561198410853593,174,é um otimo jogo :),True,False,1530401508
43016234,76561198169543648,2361,passos para alcançar a felicidade jogando esse jogo: 1- inicie o jogo 2- vá para configurações e mude a lingugem do jogo para hue 3- jogue o jogo obrigado a todos,True,False,1529873230
42975953,76561198209330961,83,jogo indie muito bom recomendo um dos melhores que ja joguei.,True,False,1529774779
42945774,76561198355494919,445,otimo jogo! execelente!,True,False,1529706831
42885279,76561198443575395,78,gostei apesar de nao ter jogado muito,True,False,1529529353
42871666,76561198145263581,867,game dlc,True,False,1529489337
42851929,76561198798830021,188,"um dos melhores jogos que eu já joguei na vida. muito bem prpgramado, nostálgico, divertido, simples, objetivo. uma obra prima!",True,False,1529447093
42849884,76561198373542556,611,bom eu acho que deveria ter compatibilidade com todos os controles até mesmo os genéricos,True,False,1529440438
42770636,76561198211673773,911,legal e difícil. recomendo,True,False,1529175970
42744916,76561198374206765,761,"bem, nem sei por onde começar, simplesmente um ótimo jogo. desde gameplay até segredos, adorei o jogo, é o meu favorito, vale a penar zerar 100%, entrar na spooky, ter todos os personagens e etc... nota 11/10, um jogo lindo, só espero a continuação relic hunters legends. super aprovo!!!! já zerei dentro do jogo, só falta conquistas!!!",True,False,1529077721
42582553,76561198419928341,457,é legal quando vc consegue pegar os tesouros e juntas ai forma umas pedras q da poderes e etc ai fica muito mais facil 6.8/10,True,False,1528479965
42515568,76561198259896230,418,muito bom pra passar o tento e desestressar,True,False,1528226380
42513465,76561198319882769,45,boooooooooooooooooooooooooooooooooooooooom,True,False,1528219636
42434252,76561198253565805,19,"só faltava ser online, muito bom.",True,False,1527892258
42370758,76561198135046685,244,"muito bom e divertido. da pra passar o tempo, apesar que esse game acaba super rápido.",True,False,1527630724
42325750,76561198374906292,344,.,True,False,1527467895
42315121,76561198445676978,503,"jogo muito bom! jogabilidade simples, porém, intuitiva.",True,False,1527438495
42265606,76561198061351734,641,top,True,False,1527304949
42258502,76561198118995667,39,noice,True,False,1527282652
42240272,76561198067109177,374,topper,True,False,1527246697
42230017,76561198313846986,85,great game,True,False,1527218075
42203208,76561198011996937,206,joguem!!!! so digo isso!!!,True,False,1527127062
42201480,76561198175230253,109,"jogo brasileiro e leve com uma jogabilidade diferente do meu comum. no geral o jogo é bem completo sempre com inimigos, armas e mapas diferentes",True,False,1527116335
42146174,76561198217839169,766,indie muito maneiro porem curto com apenas 1 boss mas com possibilidade de jogo infinito,True,False,1526839996
42123771,76561198175960474,724,bom xd,True,False,1526748277
42102567,76561198416897007,86,não ia instalar este jogo mas vi q tem a linguagem hue ai ñ deu tive q instalar.,True,False,1526660897
42101940,76561198254053947,35,"bem feito, detalhado, mecanica bem dahora jogabilidade maneira , cheio de ação e com coop online pqp !!!",True,False,1526658777
42057760,76561198216771803,416,otimo jogo bom para mata o tempo mesmo que ele seja curto você vai querer ficar jogando,True,False,1526421534
42055712,76561198362286233,449,relic hunters zero é divertido é bom pra karai,True,False,1526411602
42034613,76561198393685687,1495,nice,True,False,1526303773
41996709,76561198418214634,88,hmmmm legalall,True,False,1526128182
41993132,76561198406466994,36,jogo muito bom,True,False,1526113157
41972479,76561198201592310,14,ey,True,False,1526007706
41969567,76561198128528709,669,muito bom,True,False,1525988981
41880062,76561197980164063,264,“jogo 10/10 vale cada centavo. gráficos ✓ jogabilidade ✓ diversão ✓ física ✓ multiplayer ✓”,True,False,1525581414
41854242,76561198128619967,417,jogo incrivel e pra melhorar é pra brasileiro,True,False,1525467119
41742382,76561198344409853,21,insanamente foda,True,False,1524947246
41728825,76561198372011994,215,jogo otimo e ainda e free to play você não se cansa dele rapido por causa da sua comunidade que estão criando novas coisas a cada dia (recomendo muito),True,False,1524893236
41686403,76561198279570229,492,"apesar de ser um jogo ""curto"", com apenas um boss, me diverti muito, a mecanicar de que mesmo q vc morra rapido vc ficara mais forte para porxima rodada, ganhando q reliquia ou comprando uma arma, etc, me agradou, acho q para um jogo gratuito ele e mt bom, para quem gostou do jogo uma forte recomendaçao e enter the gundion, sendo um jogo mais bonito e completo, minha nota para esse jogo e 7/10, o jogo e mediano, curto, porem agradavel e pode tirar algumas horas do seu dia.",True,False,1524681108
41630317,76561198244712642,786,ótimo pena que é um jogo meio curto...,True,False,1524421451
41578754,76561198359784026,153,prefiro relic hunters zero do q esse jogo lx,False,False,1524180339
41563426,76561198250016462,141,porra se nao fosse bom seria ruim,True,False,1524099220
41558246,76561197973518759,358,uma bosta,False,False,1524071425
41545029,76561198275694021,829,muito bom,True,False,1523996458
41533502,76561198145617522,50,oi,True,False,1523939431
41514203,76561198136651437,146,"extremamente chato, feio, soundtrack sem graça e desinteressante, eu realmente não consegui ver graça e me divertir. nota final: 4/10",False,False,1523838529
41470457,76561198388672175,536,"top literalmente, primeiramente por que o jogo não tem nada de pay to win, mobilidade super legal e facil, algumas armas op d+, matando em até 1 hit, se vc escolher a lingua hue, o jogo melhora pakas, pq o ace começa a falar zoado e super engraçado, mas não só ele, outros personagem e os diálogos também ficam assim, você só tem que ralar muito para finalizar o jogo (mesmo ele tendo só 4 fases e muito difícil e da muita raiva quando morre).",True,False,1523662132
41290419,76561198173877403,648,uwhfiçl,True,False,1522894126
41234153,76561198245998484,77,"jogo incrivel, infelizmente a maioria do tempo em que eu joguei eu estava sem internet e não contou quando tempo de jogo tenho mas chega lá para umas 7 horas. muito engraçado a legenda hue kkkkkkkk, n sabia que o jogo era do brasil até perceber isso.to só esperando o legend chegar pra poder jogar com os amigos",True,False,1522694663
41197936,76561198311048028,327,"gostei do game, me tirou algumas horinhas.",True,False,1522566562
41183517,76561198819686359,45,bom jogo para público infantil ou para quem quer conhecer a dinâmica de construção.,True,False,1522513929
41159938,76561198398632815,122,e uma merda nao e bom e nao recomendo,False,False,1522434512
41155672,76561198422104097,110,"o jogo é bom, é um shooter roguelike parecido com enter the gungeon, tem gráficos simples, mas porém bonitos, tem problemas como esse negócio de encontrar tesouros, o jogo não explica direito isso e também é um pouco estranho. mas em geral o jogo é bom. e o próximo jogo relic hunters legends, deve ser um jogasso! adorei esse tabalho dos br!",True,False,1522423211
41133229,76561198311317658,467,"um joguinho grátis bem bacana, recomendo!",True,False,1522340365
41074525,76561198398401716,318,divertidasso,True,False,1522116490
41074018,76561198210239091,391,"o jogo e bom e taus mas quando eu to jogando pelo controlo buga , pq simplismente se eu for pra direita o meu personagem ataca e e imposivel de jogar desse jeito mas o jogo e bom , so acho q deveria adiciona como edita as configuraçoes do controle",True,True,1522113888
41071613,76561198341270118,65,muito bom jogo indie,True,False,1522100862
41046442,76561198278203838,10,jogo bom pra quem tem pc fraco,True,False,1521995314
40925463,76561198113470902,82,"meus parabéns para os criadores, e obrigado às pessoas que apoiram este jogo a se tornar realidade. o jogo ainda tem muito a crescer, mais atualmente ele está muito bom de se jogar, superou minhas expectativas.",True,False,1521486833
40858758,76561198305080968,157,top,True,False,1521238511
40795808,76561198118480738,271,jogabilidade excelente!!!!,True,False,1520973928
40775178,76561198102927140,182,ótimo jogo grátis!! garante horas de entretenimento...,True,False,1520894852
40719167,76561198303441461,271,"jogo íncrível, pixel arts muito bem desenhadas e o jogo roda em pcs fracos, fale muito apena baixar",True,False,1520705579
40542215,76561198334066179,455,"otimo jogo, jogabilidade otima e o grafico tambem",True,False,1520102594
40538795,76561198282257754,472,"caham... relic hunter zero é um jogo shooter com uma história simples mas legal :3 além disso é um jogo br (ele tem até tradução para a língua hue br '-'), eu não sei fazer análises legais ent apenas jogue o jogo .-. .",True,False,1520093988
40475232,76561198434424810,406,jogo com graficos legais e jogabilidade otima,True,False,1519866074
40474248,76561198434568926,1399,"o jogo é bom,mas os tiros atravessam os inimigos,fazendo vc perder escudo ou ate vida edição depois do update: meu deus esse jogo tá incrivel, melhoraram ele bastante, nem parece o mesmo jogo que era antes, melhoraram as hitboxes, otimizaram demais as fases, não tendo mais fases que iam de 6 fps a 15 fps no maximo, a unica reclamação que tenho é que o infinito fica impossivel depois do primeiro loop, tirando isso, o jogo é lindo, cheiroso e balanceado.",True,True,1519861963
40443135,76561198448760055,104,jogo muuuito bom! extremamente recomendado!,True,False,1519753934
40441747,76561198352984337,101,otimo para quem tem pc fraco,True,False,1519749939
40424868,76561198185981361,2308,"não sei oque escrever aqui, mas o jogo é bom",True,False,1519681751
40309888,76561198206927821,225,um dos jogos melhores jogos que joguei e tenho certeza que virei fã da empresa! estou esperando o relic hunter legend!,True,False,1519328337
40284547,76561198278079546,443,pika,True,False,1519243967
40221107,76561198342997215,25,bom.,True,False,1519040760
40102445,76561198340343779,951,game irado recomandado a pessoas que curtem roge like,True,False,1518709503
40049299,76561198076736057,1024,"jogo muito bom, os graficos são bonitos apesar de serem leves, esse e o estilo dele. mais e um jogo que voce se diverte muito e acaba perdendo várias horas tentando zerar. uma coisa que devia adicionar e a configuração dos botoes no controle, os mesmo ja vem predefinidos e as funções vem faltando. mais é um joguinho muito divertido eu recomendo",True,False,1518540236
40038067,76561198033811592,550,"legal pra #@~€¿? véi esse joguinho vicia mais que o crack hahaha"" to com a mão doendo de tanto jogar e passar raiva com esses inimigos op lol nao consigo passar do boss aaaff mais um dia consigo. edit: conseguir!!! 17/02 08:35 amém passei o chef do modo aventura haha""",True,False,1518498632
40032663,76561198364048411,379,vcs deviam botar a opção de game multplayer via internet,True,False,1518471310
40010572,76561198262214932,105,"top,mas repetitivo",True,False,1518380033
39960814,76561198189506311,267,muito bom e divertido para passar o tempo,True,False,1518206607
39945380,76561198309149695,80,"o jogo tem aquele grafico fliperama nao tem historia nem uma o negocio é entrar e matar kk, basicamente é isso os niveis ficam mais ddificeis mas nada demais, mas eu recomendo porque é um pouco viciante um passa tempo legal a´te, e é de graça entao instala ai que tem coop tmb",True,False,1518149965
39845896,76561198180514250,4124,perfeito isso é melhor que doki doki literature club..... quer dizer... um pouco menos traumatizante....,True,False,1517759086
39841340,76561198408874275,4944,"jogo fica meio repetitivo as vezes, porém é um ótimo passatempo, e muito bem feito. parabéns a rogue snail, eu aprovo 👌",True,False,1517747017
39822664,76561198797635450,26,sai zica,True,False,1517682806
39776148,76561198353804676,316,jogo fooooodasaaaaaaaaaaaerrjhgdhbuoetghdfjoeruh,True,False,1517517415
39732259,76561198357496769,784,só falto história,True,False,1517336817
39688552,76561198179402510,478,"relic hunters zero, é um jogo de ação em terceira pessoa, com visão de cima, uma jogabilidade fácil e uma história básica mas ainda sim tem suas particularidades. recomendo o jogo pois é de graça e vale a pena jogar. não recomendo para quem quer algum jogo cheio de profundidade e jogabilidade inovadora. (para detalhes, leia abaixo) enredo: resgatar as relíquias e impedir o cara mau (comandante ducan). a história é bem simples mesmo. há também um pouco de humor na interação entre os personagens. gráficos: o jogo tem gráficos pixelados com uma mistura de gráficos cartunizados, tem sprites simples porém bem desenhados. jogabilidade: existem três modos de jogo: -modo aventura (que é a campanha) -modo infinito (desbloqueado após zerar o jogo) -modo tempestade (não testei mas creio que seja tipo left 4 dead ou o modo zombies do call of duty, onde há várias hordas de inimigos). -o jogo também possui co-op. -o jogo possui um total de 4 fases com 3 áreas diferentes. as áreas só são completadas quando todos os inimigos são eliminados.todas as áreas do jogo possuem item aleatórios e você também pode iniciar em locais diferentes. -no jogo existem duas barras de vida, sendo uma de escudo e a outra de hp, o escudo se regenera e pode ser melhorado durante a fase porém o hp não se regenera e não pode ser melhorado. -movimentos: podemos andar, correr, mirar, atirar, atacar corpo-a-corpo e dar dash (usado para desviar dos tiros). -antes de iniciar as fases (campanha), você inicia na sua nave, spaceheart (a warp zone), lá você pode equipar as armas, munições e as relíquias que você vai usar (você as desbloqueia comprando-as após o final de cada fase). -como o nome do jogo diz você está a caça relíquias, após eliminar todos os inimigos da área você pode encontrar uma parte da relíquia, ao encontrar todas as partes da relíquia e você poderá equipá-la na warp zone. (não é possível equipar a relíquia durante a fase). algumas partes de certas relíquias podem ser compradas (assim como as armas). -o jogo tem 6 personagem jogáveis. cada personagem tem suas características, por exemplo tem aquele que dá mais dano com ataques corpo-a-corpo porém menos com as armas. você inicia com apenas 2 e desbloqueia os demais fazendo ações específicas, por exemplo, zerar o jogo sem usar atalhos. -os inimigos do jogo são bem simples de combater, mas não são tão burros (pelo ou menos nas fases finais). há algumas pequenas variações em relação a vida e o dano que eles causam. obs: os inimigos regeneram a vida (e escudo). -existe uma grande variedade de armas (pistolas, submetralhadoras, espingradas, metralhadoras, rifle de precisão, entre outros). também tem granadas. cada tipo de arma usa um tipo de munição. existem 3 tipos: leve, média e pesada -o tempo de jogo é em média de 5 horas se busca o 100% pode estender em 2 ou 3 horas dificuldade: o jogo tem uma dificuldade moderada, as fases finais podem ser bem difíceis pela grande quantidade de inimigos mas as relíquias ajudam a facilitar. ambientação: a ambientação é bem simples, deveria ser mais detalhada ou ter mais cores pelo ou menos, mas não tem do que reclamar. trilha sonora: apesar de ser simples ela se encaixa com as fases e dá o clima. preço: it's free!!! (é de graça!!!) extras/ curiosidades: -o jogo possui workshop -esse jogo é open-source -esse jogo é brasileiro -você pode alterar, nas opções, para o idioma ""hue br"" (eu não quis dizer pt-br e sim hue br)",True,False,1517162507
39683441,76561198111043135,350,"é um jogo bem legal porem poderia ter mais coisas para fazer e desbloquear, talvez um modo historia ou mais conteudo por causa que fica bem repetitivo depois que você termina. o mercado é bom mas poderia ter mais coisa alem de armas, coisas como mapas e criaturas. os controles não são tão ruins mas é um pouco lento em alguns aspectos, na minha opinião poderia ser um pouco mais rápido o jogo em si. tem um problema se você mudar as configurações de video as vezes a tela fica travada. poderia ser adicionado missões diarias e mais bosse, upgrades parecidos com binding of isaac mas é um jogo bem legal, recomendo.",True,False,1517149639
39660316,76561198316947834,107,top,True,False,1517074316
39585778,76561198384882269,550,"o jogo é bom o grafico não é muito bom,mas,mesmo assim o jogo é bonito",True,False,1516814732
39535054,76561198077153381,523,aquele jogo br hue que vc respeita!,True,False,1516629066
39499352,76561198025496446,298,"https://www.youtube.com/watch?v=53jxvo__0ju (todo conteúdo desse texto pode ser visto no vídeo acima) você provavelmente deve conhecer vários jogos ditos como de graça por ai. muitos deles não vão ser exatamente gratuitos, pois vão tentar te arrancar alguma grana com micro-transações, o que não tem nada de errado, porém não deixa de ser admirável que existam realmente jogos completos, complexos, de graça e ainda tem código aberto para a comunidade de jogadores possa mexer no game a vontade e fazer suas próprias modificações. o jogo brasileiro relic hunters zero é um desses games o qual é difícil acreditar que você não precisa pagar por ele, embora dê para ver claramente as limitações as quais a equipe trabalhou. apesar de ser um jogo de tiro 2d com visão de cima, focado na cooperação entre os jogadores, infelizmente não tem como jogar online e o número de fases no jogo sem nenhuma modificação é um pouco pequeno, sendo que em cerca de meia hora você pode finalizá-lo, porém dificilmente você vai conseguir fazer isso de primeira, pois tudo estará bloqueado ainda, como o acesso a armas melhores logo no começo e o portal para as últimas fases. por isso o jogador terá que jogar um pouco para desbloquear algumas melhorias, como poder começar o jogo com uma arma forte, o que para alguns pode parecer um pouco massante e até uma forma meio ultrapassada de alongar o jogo, mas na prática vários incentivos para continuar, como um monte de mini recompensas, como as coletas de relíquias no final de algumas fases, itens os quais melhoram alguns atributos dos personagens, me mantiveram empolgado em rejogar o game para conseguir um resultado melhor ou algumas vantagens para que a próxima partida seja mais fácil. o senso de progressão, mesmo com a derrota, acaba sendo viciante, porém se a jogabilidade não fosse funcional, estaria tudo perdido e felizmente ela funciona muito bem, tanto no mouse e teclado, como até mesmo no controle, o que me surpreendeu, pois imaginava que teria dificuldade em mirar usando as direcionais analógicas, justamente por ser um jogo o qual exige alguma precisão, porém tudo respondeu muito bem. se você não se habituar com a mira, ainda existe uma personagem que luta corpo a corpo com os inimigos, isto é, existem opções para várias gostos, embora a maioria dos personagens terão de ser desbloqueados. mesmo sendo bastante funcional a jogabilidade, ainda existem alguns coisas as quais acho que poderiam melhorar, como o tempo de carregamento das armas, que muitas vezes acho muito longo e a inteligência artificial dos inimigos, que não é ruim, mas também não se destaca, sendo previsível, porém devido a quantidade dos inimigos ser bastante alta, não tira o desafio do game. apesar de graficamente simples, acho que a arte do jogo é única e charmosa, embora os cenários sejam todos meio parecidos visualmente e mudem muito pouco em relação a posicionamento de objetos. no modo infinito, o qual você joga até morrer, as coisas mudam um pouco, reservando algumas surpresas e muitos podem dizer que é ali que o jogo realmente começa, pois você vai ter que manejar os seus recursos para continuar cada vez mais longe, como comprando vida ou diminuindo dificuldades aleatórias que aparecem, sendo que se você morrer, começa tudo desde o começo. em um jogo tão bom assim, faz falta um cooperativo online para jogar com os amigos, além de mais fases. para suprir essa necessidade, a equipe de desenvolvimento do game está focando na continuação do jogo, que é um dos projetos brasileiros mais ambiciosos que já ouvi falar. o relic hunter legend vai ser free to play, porém dessa vez sem código aberto e com microtransações. pelos vídeos de divulgação do jogo, a proposta é ser tipo um destiny 2d, com muitos itens a serem equipados nos personagens. visualmente o jogo está mais bonito e com mais recursos, como a possibilidade de levantar o amigo quando a vida dele esgota, no lugar dele simplesmente morrer quando acaba a vida. a equipe está investindo pesado, com direto até episódio animado com os personagens da jogo, não devendo nada a qualquer desenho animado atual. relic hunters zero vale a pena. é um jogo bastante divertido para jogar com os amigos no sofá e me deixou bastante animado para o que vem por ai com a sua continuação, a qual espero que chegue logo.",True,False,1516502504
39499190,76561198109405630,252,"gostei bastante do jogo, você precisara refazer varias vezes as passes para conseguir itens cada vez melhores. ótimo jogo para passar o tempo :p",True,False,1516501804
39486253,76561198254026526,324,"pontos positivos do jogo: -trilha sonora chupetinha -inteligencia artificial loka -armas diversas -boss massa -historia melzinha na chupeta -final previsivelmente bom -personagens equilibrados e dahoras -modo infinito fera -workshop dahorinha pontos negativos do jogo: -tem uma parte da trilha sonora muito aguda -alguns itens da oficina são simplesmente ridiculos o jogo por mim é 9,5/10 daqui a alguns dias eu posto umas dicas aqui ;) avalie essa analise, isso me ajuda muito;) se vc quer que eu faça uma analise de algum jogo, mande o link se for gratuito pra mim (me adc na steam), e se o jogo for pago, que tal vc comprar pra mim? um abraço vlw flw <3",True,False,1516462782
39464026,76561198449846666,700,"esse jogo é tão bom aaaaaaaaaaaaaaaaaaaaaaaaaa eu fico tão feliz que achei isso hoje é um ótimo rogue-like grátis brasileiro (o que eu só notei ao abrir as configurações mesmo, é nesse nível) é uma pena que não tem multiplayer online, porque esse jogo seria perfeito pra se jogar com os amigos tem local, mas quando não se tem condições de visitar o seu amigo com um controle na mão, complica felizmente essa é a única coisa ruim que eu consegui achar no jogo, é bom demais os personagens são ótimos, e trazem muitos modos diferentes de pensar em como jogar",True,False,1516385209
39403133,76561198285859987,587,jogo foda pra passar o tempo! e com a tradução huebr é melhor ainda.,True,False,1516153165
39355746,76561198296702034,375,há um jogo muito melhor com um estilo bem parecido: enter the gungeon.,False,False,1515987845
39292879,76561198097399438,11,divertido :d 10/10,True,False,1515796868
39217085,76561198335604408,12,divertido...simples assim,True,False,1515532978
39211686,76561198353262332,460,"o jogo tem gráficos legais e músicas agradáveis a jogabilidade é muito boa, em resumo:topizera da galera na balada!",True,False,1515517178
39145351,76561198036268179,1225,esse jogo é tudo de bom. <3,True,False,1515315572
39073631,76561198271150500,7,nunca nem vi,False,False,1515130018
39059795,76561198196418097,68,4/10,True,False,1515094369
39021927,76561198134103199,36,divertido,True,False,1515006834
38997034,76561198244016584,1344,e um jogo bom pena que nao tem online ou mutiplayer para jogar com os amigos mas to esperando um bem mais legal o relic hunters legend vai ser bem legal so esperando mesmo mas o relic hunters zero e bom da pra parsa o tempo quando tiver sem net ou algo do tipo e um meio que parsa tempo mas o jogo e bom =),True,False,1514948442
38985792,76561198350829300,108,muito bom,True,False,1514922378
38959631,76561198107378515,48,parece interesante não joguei muito. jogo bem pequeno ;),True,False,1514863047
38945607,76561198389323035,313,"um jogo muito bom, com uma trilha sonora sensacional... agora só estou esperando lançarem relic hunters legend!",True,False,1514831129
38937683,76561198207701296,77,bom,True,False,1514816775
38878449,76561198288894416,27,"muito loko! divertido e bem frenético! ps: vá nas configurações, linguagem e muda para hue.",True,False,1514672191
38871593,76561198253764492,6302,"não gostei muito, analise pessoal.",False,False,1514659904
38793679,76561198379732006,7670,recomendo muito !!!!,True,False,1514492888
38754674,76561198148116509,3069,"ótimo jogo, simples e divertido e possui coop local. recomendo muito, os desenvolvedores realmente puseram muito amor nesse jogo e estou esperando o lançamento de relic hunters legends ano que vem!",True,False,1514410352
38632666,76561198118397586,1125,"quer um jogo que mesmo depois de finalizar 9 vezes, jogar o modo infinito ainda vai te mostrar coisas novas? um jogo com uma linguagem hue que diverte, armas variadas e personagens com qualidades e defeitos? (muita vida e pouco dano por exemplo). ta com aquele primo em casa e não sabe oq jogar? otimo, esse modo tem um co-op! qr se divertir e não precisar pagar nada? você deu sorte, relic hunters zero é exatamente tudo isso e um pouco mais!",True,False,1514141604
38491088,76561198200624639,13,achei repetitivo,False,False,1513865414
38490604,76561198182976291,134,joguinho daora,True,False,1513864362
38390058,76561198162444458,530,"jogo simples, leve, divertido. tem uma boa jogabilidade é vale a pena",True,False,1513558503
38271096,76561198121140870,1456,"para quem não tem uma máquina boa e quer algumas horas de diversão [i]di gratis[/i] esse jogo é dez. a proposta é simples: atire em todos os inimigos, desvie de todas as balas e de quebra vá caçar alguns tesouros. o jogo tem uma curva de aprendizagem boa, em poucos minutos você já não passa muito trabalho para avançar nos níveis, mas se quiser ser um bom jogador, vai precisar de algumas horas no modo infinito. vale a experiência!",True,False,1513133903
38245380,76561198414057555,8,"não joguei nada nessa conta mais no meio à tantos jogos complexos, cheios de coisa pra fazer, histórias e mensagens mirabolantes, às vezes precisamos de algumas coisas mais simples, só pra dar uma descontraída (não que nos outros jogos a gente não se divirta, mas acho que deu pra pegar a ideia), joguinhos mais simples e diretos ao ponto onde você basicamente só precisa sentar e jogar. se falhar, tentar de novo se quiser, e assim sucessivamente. diria que relic hunters zero cai como uma luva nessa categoria.",True,False,1513034743
38235841,76561198146382931,900,"é um ótimo jogo, tem uma ótima trilha sonora mas com o tempo enjoa... mas é de graça então n tem problema!",True,False,1513002553
38223334,76561198355357450,176,esse jogo e tipo nucler throne soq degraça,True,False,1512947687
38222357,76561198058572075,643,mto bom,True,False,1512944136
38180817,76561198165742094,696,muito bom!!,True,False,1512827759
38176764,76561198334589629,258,um dos melhores jogos que eu já joguei na minha vida,True,False,1512817490
38114430,76561198181102914,451,nunca me diverti tanto em um game. 10/10,True,False,1512597632
38067469,76561198128346936,805,"jogo maravilhoso pra quem quer se divertir com algo com boa jogabilidade, fator replay, co-op e não possui um computador bom. me surpreendeu absurdamente, não esperava que fosse tão bom.",True,False,1512430039
38056426,76561198417489518,45,"sei la,legalzin",True,False,1512392744
38019904,76561198278186738,371,pika ladrao,True,False,1512264913
37987234,76561198008753561,428,"o jogo está muito bom,agora só falta um multiplayer para jogar com os amigos.",True,False,1512165295
37982759,76561198294637772,165,"muito bom,estou ancioso para o legends!",True,False,1512152369
37943924,76561198320024585,90,meio difícil mas é um jogo com gráficos e jogabilidade ótima! recomendo 100%,True,False,1512012535
37931333,76561198300581899,17,grafico 10/10 sons 10/10 jogabilidade 10/10 foda pakas o game,True,False,1511970362
37908899,76561198151034938,107,"jogo muito bom! jogabilidade simples e divertida, adorei jogar ele!",True,False,1511895533
37872168,76561198380133841,267,"jojinho viciante, amei s2",True,False,1511868784
37858527,76561198214056347,2212,melhor jogo de sofa que ja joguei na vida com meus amigos... no aguardo de relic hunters legends,True,False,1511853490
37822565,76561198193801966,443,bao?,True,False,1511815528
37774937,76561198009338729,2334,"jogo brasileiro extremamente divertido de se jogar. controles extremamente fluidos e precisos. prato cheio para quem gosta de shumps de controle duplo! altamente recomendo jogar com um controle do xbox ou steam controller, já que a vibração do controle é bem legal quando se usa metralhadoras e o controle é muito mais divertido. o modo história (que mal possui história) é muito curto, é um dos pontos fracos do jogo. porém existe o modo infinito!",True,False,1511785233
37771116,76561198083449339,298,jogasso,True,False,1511782218
37726457,76561198220226093,1782,ele e otimo e serio e o melhor fps offline,True,True,1511735496
37716249,76561198407454327,28,esse é top bagarai.,True,False,1511728304
37685265,76561198128561728,746,lol,True,False,1511711493
37676829,76561198423237379,830,"muito bom para passar o tempo, mais um tanto quanto dificil em algumas fases",True,False,1511707228
37617289,76561198194851682,1872,"simplismente um jogo foda, e o melhor, é brasileiro !",True,False,1511669860
37611466,76561198136834313,1295,"otimo jogo de graca e leve, divertido e dinamico",True,False,1511664933
37604961,76561198226305772,40,"jogo divertido e leve, me lembra muito enter the gungeon, só que gratis.",True,False,1511659403
37593591,76561198050893872,47,"um dos melhores jogos gratuitos na steam, dinâmico e divertido.",True,False,1511650319
37592492,76561198357594821,495,muito dirvetido estou esperando o legend,True,False,1511649526
37585212,76561198382150869,45,jogo bom,True,False,1511644808
37551801,76561198145690650,954,"um jogo muito criativo, que pode divertir diversas idades. nao necessita de muito tempo e tem muitos recursos aconselho a jogar!",True,False,1511628195
37456598,76561198382112088,242,"um jogo simples porém bem interessante, da pra perder um bom tempo nele",True,False,1511581248
37456342,76561198132984477,330,+rep,True,False,1511581091
37387675,76561198086602572,332,"jogo incrível e frenético, e o melhor é que tem coop local.",True,False,1511546748
37209205,76561198407835018,231,"jogo muito bonito, com uma jogabilidade muito viciante! pena que o multiplayer é só local, mal posso esperar pelo novo!!",True,False,1511472490
37003632,76561198044647789,688,"indicado à categoria de ""melhor opensource"", um jogo feito com muito amor, com participação completa da comunidade, e com potencial ilimitado. dificil descrever o carinho e o cuidado dos desenvolvedores. o primeiro jogo steam que produzi um ""mod"", e que permanece até hoje em meu coração.",True,False,1511431554
36890903,76561198134222679,1799,simplesmente incrivel!,True,False,1511401559
36791594,76561198115663444,782,"puta jogo foda! este jogo é sensacional, muito bom para passar o tempo! o melhor ainda é feito pelo brasileiro e tem sua própria línguagem zoeira. eu fico rindo por horas no jogo! sensacional",True,False,1511383147
36753572,76561198348522611,410,muito bom recomendo a vencer,True,False,1511378832
36714660,76561198141590895,297,"jogo excelente,foi muito divertido jogar ele,esse jogo te prende por horas",True,False,1511375389
36653705,76561198137429121,138,mal posso esperar pelo próximo,True,False,1511211189
36650782,76561198283764623,1629,supinpa,True,False,1511201368
36627259,76561198329090244,8,até que é lagalzinho pra 50mb de donwload,True,True,1511108729
36622327,76561198288166837,463,o jogo é muito legal e bem divertido,True,False,1511095812
36592964,76561198384901711,123,"bem legal para um jogo gratis , estou a espera de relic hunters legends",True,False,1511000297
36494351,76561198421990645,255,muito fofo e viciante,True,False,1510589024
36480982,76561198421962618,50,cool,True,False,1510526938
36478088,76561198329775039,365,jogo q da pra matar um tempo,True,False,1510516595
36475299,76561198362351005,233,jogo bom pra meu pc fraquin heuheue,True,False,1510508019
36459998,76561198277093355,754,"super divertido e simples, bom para passar o umas horinhas jogando",True,False,1510460046
36453592,76561198321311448,1022,bom pra kctóvisky,True,False,1510434752
36432436,76561198393822952,544,"o jogo é incrível! ótimo para passar o tempo!no início pode ser meio chato, mas depois de derrotar o boss(é apenas 1) vc desbloqueia varias coisas e jogo se abre pra vc! então desbloqueando personagens muito dinâmicos com jogabilidades ótimas!o jogo tbm tem o modo infinito e isso acrescenta muito mais horas de jogo e de pura diversão! resumindo.. pra mim é um 9/10 por ser de graça e oferecer um ótimo conteúdo com fator replay. eu recomendo fortemente.e estou tentando zerar esse jogo 100%!, obrigado pela atenção, e bom jogo!",True,False,1510368160
36299371,76561198345653460,16,e um bom jogo para passar o tempo!,True,False,1509891701
36256017,76561198296024235,206,"adorei esse jogo. simplesmente ele tem um conjunto de características que é realmente impressionante, uma mecânica de movimento e de tiro muito boa, o jogo em design pixelado ficou execelente, trilha sonora tende a desejar, porém não é ruim! eu recomendaria para qualquer pessoa, é ideal para se distrair e se divertir e ainda por cima é gratuito! parabéns aos desenvolvedores, não curto muito jogos 2d e mesmo assim gostei muito do jogo, outra coisa para roubar minhas horas vagas! <3",True,False,1509756591
36233607,76561198193453361,102,isso e vida!!,True,False,1509684859
36228664,76561198303702006,148,"jogabilidadr muito boa, viciante!",True,False,1509663008
36120806,76561197973578165,36,"muito bom!!!um jogo com trilha sonora boa, armas legais,graficos mais ou menos,mas e muito divertido!!!bom para passar o tempo!!",True,False,1509303319
36116432,76561198199990397,1186,"jogo fenomenal (e hilário na opção de linguagem hue), o único problema é que ele crasha uma quantidade inconveniente de vezes quando jogo como pinkyy. fora isso 11/10",True,True,1509293968
36099547,76561198423725486,483,"começei a jogar esse jogo a pouco tempo por causa do legends que ira lançar, que jogo incrivel, bons gráficos, bom gameplay, otimo sistema de armas e um belissimo fator replay, certamente está na mminha lista de jogos brasileiro que merecem meu respeito",True,False,1509253975
36061343,76561198377052633,438,graças a deus esse jogo é bom,True,False,1509153370
35979326,76561198160348390,23,otimo jogo,True,False,1508899216
35965387,76561198285473516,429,"esse jogo é incrível, eu achava que ia jogar por no máximo 3h, mas estou com quase 6 e pretendo jogar muito mais simples, mas difícil, lindo e cheio de objetivos, um jogo incrível <3",True,False,1508847144
35924998,76561198351424764,903,"jogo bem divertido, gratuito e melhor de tudo, ele é brasileiro. difícil de se enjoar, porém se acontecer, você pode procurar mods para melhorar sua experiência no jogo.",True,False,1508688783
35916994,76561198194943866,3407,"kkkkkkkk o que falar se o jogo tem a opção de linguagem ""hue"" ? kkkkkkk só vai",True,False,1508669339
35896358,76561198309438080,273,"jogo é muito bom, é ainda vai sair a versão multiplayer gg easy só vamo mlk",True,False,1508603947
35875346,76561198309808048,1247,"jogo incrivelmente bonito, muito desafiador, e hu3",True,False,1508538893
35862272,76561198244305376,1227,"para este game, só falta um online. recomendo!!!",True,False,1508501718
35827705,76561198297766396,140,oiiiii,True,False,1508364549
35819472,76561198258034460,302,.,True,False,1508337433
35801947,76561198086000007,404,"jogou muito bom despretensioso, porém muito divertido e trilha sonora um dos muitos pontos altos do game",True,False,1508266067
35780614,76561198351928562,174,legal melhor se fosse no multiplayer,True,False,1508186427
35679766,76561198310870877,106,faze cocô,True,False,1507850395
35663973,76561198135114912,125,jogo otimo,True,False,1507830579
35661338,76561198285411479,593,"muito bom, não e qualquer porcaria de jogo.",True,False,1507822289
35649424,76561198334295844,82,ai esse jogo e manerao,True,False,1507768206
35646588,76561198073901614,254,"game extremamente divertido, dá para passar horas jogando !",True,False,1507754930
35639740,76561198188342395,43,gostei pra caramba! 9.5/10.,True,False,1507732705
35630367,76561198404734810,103,tem uma otima jogabilidade recomendo testar,True,False,1507690431
35604769,76561198425614645,18,"eu adoro esse game, tenho um amor pelos personagens",True,False,1507584030
35604490,76561198300880520,164,o 2 vai ser melhor,True,False,1507583052
35601744,76561198000361593,67,"muito bom, boa jogabilidade, bons graficos a trilha sonora é muito intuitiva [*]10/10",True,False,1507573464
35600342,76561198064873901,740,"acompanho o trabalho há 2 anos e realmente me surpreendi.. um excelente jogo tanto na jogabilidade quanto no gráfico.. arte pixelada muito bem trabalhada e personagens muito carismaticos xd esperando o lançamento do relic hunters legends, já vou até ajudar no kickstarter uashusahas",True,False,1507568757
35599230,76561198177471989,734,velho que jogo perfeito,True,False,1507565241
35589094,76561198167096844,548,muito bom,True,False,1507523733
35586098,76561198088725732,14,"eu poderia simplesmente elogiar para, aumentar o hype de quem vai jogar, mas antes de tudo gostária de parabenizar os desenvolvedores, quem sabe um dia eu possa de fato desenvolver algo assim, mas confesso que não gostei do jogo, e antes de ser crucificado por isso gostaria de dizer que eu estou longe de ser especialista mas oque mais me empolgou foi a arte, a linguagem mais elaborada e menos dificil para deixar o jogador a vontade e o marketing do jogo também é sensacional, ao ver um anuncio do game seja em video ou imagem, te motiva a ao menos experimentar o jogo, mas o que eu não gostei foi da jogabilidade principalmente para quem joga no controle da microsoft, a mira e desregulada você não sente que está no controle, então dei uma chance ao teclado e por incrível que pareça também não fiquei satisfeito, é tudo muito lindo bem polido mas a jogabilidade deixa a desejar, minha nota é 7/10 por conta do jogo ser free.",True,False,1507510133
35585115,76561198138420342,76,"mt bom, ótimo para passar o tempo!",True,False,1507505671
35557586,76561198177306159,144,empolgante!!,True,False,1507418309
35549245,76561198339424503,329,"relic hunters zero é um jogo desenvolvido por brasileiros, e já digo de primeira que é um jogo muito bom, e não sou o único que pensa assim, é só olhar que as avaliações aqui da steam estão em média muito positivas. ele é sobre, como diz o nome, caçadores de relíquias, essas relíquias são como equipamentos, você tem que passar das fases e no decorrer delas você vai encontrando partes das relíquias, você também pode comprar estas partes. geralmente cada relíquia tem 3 partes, e quando você completa cada relíquia, será possível utilizá-las no jogo, elas te dão vida extra, munição extra, escudo, etc. achei bem interessante esse recurso e funciona bem no jogo. em relic hunters zero você enfrenta patos e tartarugas com armas, tem uma boa variedade deles, em questão de aparência e também em equipamentos, alguns usam sniper, outros usam smg, outros metralhadoras, etc, uns tem mais vida que outros, escudo, e também além deles temos os animais mutantes, ou seja, a fauna daquele lugar, eles podem ser terrestres ou voadores, também tem um roxo mais forte, porém lento. existem vários personagens diferentes, e não muda apenas a skin, eles têm características diferentes, mudando na sua força, estamina, velocidade, dano e vida, suas granadas mudam de função, por exemplo, no jimmy ela funciona como uma granada comum, mas na pinkyy(acho que esse é o nome), a granada muda para um escudo, para ajudar no combate corpo-a-corpo(especialidade dessa personagem), já no red a granada funciona como uma ""pokebola"", ela invoca bichos para te ajudar na batalha, e é interessante que realmente a aparência da granada na mão do ninja realmente é como uma pokebola kkk, referência legal. na nave existem equipamentos para pegar e já começar as fases com eles, esses equipamentos da nave devem ser desbloqueados através de compra na loja, que aparece entre as fases, isso é muito bom, é tudo muito bem executado no jogo. o dinheiro do jogo é a estrela, você consegue tudo jogando. trilha sonora legal, uma boa variedade de armas. é um jogo com gráficos 2d e que são agradáveis, e relativamente leve, se for necessário, vá nas opções e desative alguns recursos que ele vai rodar. também tem o modo infinito, que ainda não joguei. >gráficos bonitos >jogabilidade boa >variedade de inimigos >variedade de armas >personagens diferentes >fator replay bom dá orgulho saber que foi feito por brasileiros, parabéns aos desenvolvedores, recomendo muito!!!",True,False,1507394099
35531012,76561198074528159,437,"jogo muito divertido,com graficos bom.",True,False,1507338885
35455789,76561198264051688,508,jogo muito legal e ainda brasileiro,True,False,1507061682
35436879,76561198349708868,34,se esse é bom imagina o 2 em 2018,True,False,1507010438
35336212,76561198408867627,137,só recomendo pq é top!!,True,False,1506776137
35319598,76561198031485034,76,"bem divertido. boa variabilidade de personagens jogáveis, armas e inimigos.",True,False,1506737822
35253406,76561198301125230,127,muito bom,True,False,1506566670
35253388,76561198069178200,279,legal,True,False,1506566606
35250775,76561198116364017,277,uma aventura curta porém viviante :),True,False,1506552871
35244806,76561198216905553,243,massa.,True,False,1506529398
35213726,76561198354711905,23,"joguinho simples mas muito bom. eu sinceramente achei q seria um jogo ruim online pay to win mas não, ele é offline e muito legalzinho. curti o jogo, obvio que não chega nem perto de ser um dos meus jogos favoritos, mas pra quem não tem um pc muito bom ou busca uma aventura offline gratuita (com linguagem hue br oq eu achei genial botando um monte de girias e palavras escritas erradas no jogo), mais doque recomendado.",True,False,1506389273
35195127,76561198407346806,20,"um jogo ótimo, a tela dividida dele é muito legal para jogar com um amigo, e o jogo solo dele tbm é muito legal, um pouco entediante, mas legal.",True,False,1506307886
35192855,76561198043824789,100,"""pelo pouco que joguei, eu já entendi o game. clássico, bem casual, é o estilo de game que te faz esquecer os problemas da vida. legal pra caramba, trilha sonora excelente, complicado de enjoar (para meu gosto), gostei pra caramba!"" - 9.3/10.",True,False,1506295994
35165289,76561198287932078,2269,"o jogo tem uma ideia bastante interessante, músicas incríveis, jogabilidade muito boa, a história é meio fraquinha, tem vários modos, coop local, mods, conquistas bastante desafiadoras, o jogo tem muito pra um jogo que é f2p. 10/10, o jogo é incrível, com muita diversidade vale super a pena.",True,False,1506205264
35142831,76561198126672098,2111,joguinho cativante ! estou ancioso pra jogar o relic hunters legend !,True,False,1506136274
35119640,76561198146567953,197,"jogo muito bom, além de ser feito em pt-br como em outras línguas, ainda existe o ""hue"", claro, é uma linguagem muito engraçada e divertida, isso dá um um diferencial muito bom ao game. pela jogabilidade, gostei muito também, jogo tem uma boa ação, trilha sonora não é enjoativa, armitchas legais... enfim. recomendo esse jogo para passar o tempo, principalmente é claro.",True,False,1506052573
35084317,76561198077161820,83,jogo muito bom pqp joga essa merda q tu n vai se arrepender só o multiplayer q é meio zoado 9/10 jogo mt bom mds baixa aí,True,False,1505915438
35066954,76561198406690789,636,tão bom que nem parece ser free 2 play kk,True,False,1505835871
35056112,76561198109156102,249,"jogo incrivel, extremamente divertido e viciante. vale muito a pena!!",True,False,1505785372
35008951,76561198259628269,347,divertido,True,False,1505601827
35007351,76561198332307090,549,muito bom,True,False,1505596325
34940957,76561198400724647,97,"muito bom, recomendo!",True,False,1505356549
34938854,76561198384962083,557,"ótimas animações, tanto das armas quanto dos personagens gameplay viciante, você passa horas jogando e nem percebe uma boa variação de armas ou seja o jogo é muito bom, recomendo.",True,False,1505345032
34912775,76561198168051805,272,"é de grátis, pode baixar.",True,False,1505274481
34889692,76561198379563170,2531,topperson,True,False,1505161363
34888505,76561198120787035,844,adicionem um modo multiplayer que de para jogar pela steam com os amigos!!!,True,False,1505156484
34883239,76561198069082244,1593,"ótimo jogo! tem o modo aventura, pra quem quer jogar mais casualmente e o modo endless, que é um pouco mais desafiante. cada personagem tem alguma habilidade, então a ideia é combinar os atributos do personagem com as relíquias encontradas no jogo, afinando a jogabilidade pro jogador. o único defeito é que pra jogar o multiplayer, só em conexão local, então uma pessoa é obrigada a usar o controle e a outra mouse+teclado, só que o controle é muito desconfortável de jogar, a mira é infinitamente pior e pouco precisa. então traz um pouco daquela sensação de que você ia na casa de um amigo jogar algo e o seu controle era aquele que os botões eram mais duros, alguns não funcionavam direito e por aí vai.",True,False,1505138277
34870488,76561198059833421,796,joguinho muito foda!,True,False,1505074917
34850662,76561198028237635,4305,"joguei, viciei e achei muito bom o jogo... não sabia que era brasileiro... obrigado aos desenvolvedores por essa obra.",True,False,1505006917
34838520,76561198176604401,486,"jogo genial, graficos 2d bonitos pra chuchu(censura), trilha sonora bacana, personagens legais. mas o mais importante e fabuloso desse jogo, eh a linguagem ''hue'', macacos me mordam(censura) que bagulho fabuloso.''sai zica''.",True,False,1504966912
34837645,76561198125480832,962,otimo jogo muito divertido e dinamico com uma exelente trilha sonora,True,False,1504964430
34815890,76561198205128032,467,jogo ficiante pra carai muito bom e muito viciante,True,False,1504881455
34794110,76561198154190721,210,"muito bom, joguei 1 hora e foi incrivel, recomendo",True,False,1504790015
34786171,76561198403991648,19,jogável!,True,False,1504747542
34769391,76561198283415318,272,"jogo muito legal e de graça da pra compra tudo com o dinheiro do jogo , as vezes o jogo da umas queda de fps e uns lag , mas de graça até injeção na testa",True,True,1504671965
34757954,76561198192926791,33,das hora,True,False,1504622847
34748178,76561198414271341,387,tudo e bom nesse jogo. graficos incríveis para um jogo pixel e principalmente a trilha sorona me da uma nostalgia. recomendo :d,True,False,1504578288
34746967,76561198012882634,511,"melhor jogo! diversão garantida. e o melhor de tudo, gratuito!",True,False,1504572130
34746511,76561198174927743,94,"muito divertido, bem legal",True,False,1504569881
34723729,76561198363792590,97,muito bom,True,False,1504481045
34689540,76561198168502568,493,"fica a desejar um multiplayer melhor, mais não deixa de ser ótimo. 8/10",True,False,1504369719
34674254,76561198223551824,13,mt bom gostei da pra se divertir,True,False,1504319076
34672939,76561198409578573,237,"otimo jogo, rodou bem em meu notebook lixosooooooo, o baixem que vocês nao se arrependerão na hora de joga-lo, super recomendo.",True,False,1504313374
34672207,76561198118684915,11,paia prakas,False,False,1504310459
34671879,76561198068699855,388,"um dos melhores roguelikes da steam, 100% gratuito. mesmo!",True,False,1504309163
34671574,76561198142183455,160,"bom game, o fato de ser um jogo brasileiro da um pouco de orgulho.",True,False,1504307994
34667436,76561198090659286,193,bom demais.. pena que são poucos níveis!,True,False,1504294055
34666786,76561198174884434,494,"relic hunters zero é um jogo muito bacana de se jogar, e bom para passar o tempo também. pontos negativos: 1-o jogo praticamente não tem modos de jogo, tem apenas o modo história e o modo sobrevivência. e isso é uma coisa muito triste pois depois de um tempo, acaba enjoando o game. 2-a trilha sonora da primeira fase deixa a desejar e dá uma leve dor de cabeça, parece que o som está bugado. 3-acho o personagem biu o mais fraco do game, muito desvantajoso jogar com ele, o personagem não tem escudo, fazendo sua vida acabar muito rápido. 4-é um game bem curtinho, dependendo de sua habilidade e adaptação no jogo, você zera em no máximo em 2 horas. pontos positivos: 1-a trilha sonora de todas as outras fases realmente compensa a da primeira, são músicas muito agradáveis de se escutar. 2-achei incrível o fato de ter 2 espécies de inimigos que não se gostam, fazendo os mesmos se atacarem. dá para ter uma ótima estratégia com isso a seu favor. 3-o jogo é curto mas até que tem mapas interessantes e grandes. 4-relic hunters zero tem 1 fase secreta, não sei se há outras fases secretas, mas eu encontrei apenas 1. não sei se é exatamente uma fase secreta mas você consegue jogar ele enquanto está no modo sobrevivencia, é um mapa sensacional na minha opinião. 5-o jogo está completamente em português. bom, resumindo, vale muito a pena jogar este game pois além dele ser muito bom, dá para passar o tempo no tédio.",True,True,1504292204
34648665,76561198301740560,79,foda d+ mlk,True,False,1504229274
34647728,76561198210166929,89,"tipico jogo 2d, (visão por cima) em varios idiomas, inclusive o português- hue, que no caso seria o idioma português só que com ""girias"" sim mano, kkkkkkkkkk os br são f.o.d.a :d",True,False,1504225712
34647674,76561198106262949,1554,vai na fe jovem mancebo e aproveite mesmo jovens,True,False,1504225512
34644948,76561198330443767,141,melhor jogo hue br,True,False,1504216137
34638563,76561198355073576,166,melhor joguinho para se divertir em caso se entediar com a sua vida depressiva :3,True,False,1504198533
34582198,76561198133229573,232,exelente,True,False,1504026385
34542166,76561198061484959,1401,"o jogo é muito bom pra passar um tempo. o modo aventura não é dos mais desafiadores, a não ser quando você tenta pegar algumas conquistas. o modo infinito sim é desafiador. e ainda mais de graça e pra sempre atualizado? o jogo de fato vale muito a pena. ps: é uma pena eu ter que parar de jogar o jogo por causa de um bug. inclusive tentei reportar no fórum mas não obtive resposta. bem, assim que consertarem, pretendo voltar a jogar. enquanto não consertam, sonho com o novo relic hunters que vai vir.",True,True,1503880416
34487372,76561198337418669,455,legal bem loco,True,False,1503686511
34380224,76561198198999615,464,loko lokasso,True,False,1503255877
34377877,76561198368160956,687,e um otimo jogo e super viciante e divertido alem de ter o toqui hue br!!!,True,False,1503248300
34340089,76561198522318626,215,muito divertido e leve roda em qualquer pc eu achei um jogo muito bom e divertido enjoa muito dificilmente e além de tudo é de e gratissssss,True,False,1503105385
34193226,76561198197612662,236,"jogo muito bom mesmo com 3,6 horas de jogo percebi umas coisa no começo vc pensa que é mais um daqueles jogos chatos e repetitivos mas a cada partida ele te da mais vontade de jogar! quando vc vai dessistir bum! vc quer jogar denovo!",True,False,1502550206
34136906,76561198255008105,238,"muito bem feito e alem disso é grais. jogos gratis,viciantes e legais sempre são bons",True,False,1502329611
34090839,76561198314900302,6883,legal para um krl...,True,False,1502144686
34070013,76561198258067593,317,legal,True,False,1502057893
34029426,76561198163056839,179,muito bom =d,True,False,1501903930
34023363,76561198353388707,384,muito legal eu nao tinha nada pra joga,True,False,1501878189
34020612,76561198254645998,139,"esse jogo ajudou a eu perceper que a industria de jogos brasileiros tem futuro, diferente de mineirinho recomendo",True,False,1501868615
33979087,76561198286200379,135,jogo legalzin,True,False,1501707002
33974397,76561198398415092,3402,bom,True,False,1501691174
33962284,76561198258476458,563,"joguinho delicinha, recomendo pra geral mas faltou um modo online... de resto ta top !!!",True,False,1501641920
33960166,76561198146878407,633,"se você quer um jogo leve e singleplayer bom para passar o tempo veio no lugar certo, recomendo muito.. principalmente pra qm tem o pc fraco..",True,False,1501632000
33906384,76561198036115839,327,bom pra brincar,True,False,1501425998
33874077,76561198258610525,330,o jogo é excelente recomendo!!!!!,True,False,1501310242
33845280,76561198285224200,343,"jogo bem simples e divertido, recomendo bastante",True,False,1501205037
33819949,76561198381489506,594,coloca na linguagem ''hue br'',True,False,1501111316
33798320,76561198292438118,174,um jogo bem legal e bom para passar o tempo. recomendo se vc n tem nada para fazer.,True,False,1501031120
33753436,76561198139799852,240,jogo muito bom!! é o tipo de jogo para passar o tempo.,True,False,1500845652
33725716,76561198085993830,930,legal,True,False,1500744565
33704626,76561198195931139,120,legal,True,False,1500667522
33679954,76561198115520865,551,"existe alguma chance do game ser disponibilizado em versão mobile via steam? amei o jogo e enfim, não existem bons jogos na google play, adoraria a chance de jogar meus belos jogos da steam pelo celular! obrigado..",True,False,1500580516
33668135,76561198366316410,31,legal,True,False,1500541578
33646337,76561198289241984,604,"jogo grátis, porém muito divertido! recomendo!",True,False,1500449640
33620748,76561198342643047,194,muito bom mesmo,True,False,1500344509
33599038,76561198178124677,352,"jogo muito bom e viciante, recomendo muito para quem gosta desse tipo de jogo, o melhor para se jogar quando não tem nada para se fazer! se tivesse um multiplayer seria uma delicia de jogo huahua",True,False,1500259320
33547702,76561198026957087,469,tão foda que nem parece de graça :d baixa isso agora,True,False,1500077098
33547140,76561198131248696,301,"o jogo eh extremamente bom e otimo para jogar multiplayer local, mas tbm acho que seria bom acrescentar um modo multiplayer online",True,False,1500074716
33530749,76561198002918454,369,da hr,True,False,1500018723
33492926,76561198144653477,1064,"é ótimo ver uma produção nacional tão bem feita! o estilo do jogo é ótimo bem como sua jogabilidade; talvez seja um pouco curto, um boss apenas não amarra jogador, mas o desbloqueio de personagens e itens rendem uma boa experiência e tempo de diversão",True,False,1499909723
33443203,76561198300838760,315,jogo ótimo ainda vai ter muita mas horas !,True,False,1499728720
33442592,76561198301398835,456,"jogo divertido, mas fica meio enjoativo depois de pouco tempo, mas pra você que quer passar um tempo bom em um jogo colorido com personagens fofíssimos, esse vale a pena. 6,9/10",True,False,1499726613
33440255,76561198097721273,229,muito bom o jogo ele simula um caçador de reliquias onde tem que matar varios carinhas é bixos,True,False,1499719186
33324614,76561198092811713,127,jogo muito divertido apesar de ter uma jogabilidade fácil.,True,False,1499375663
33322386,76561198080764923,548,jogo pika das gakitas... mt foda zerei,True,False,1499370670
33320764,76561198321885950,383,parece ser bom,True,False,1499367376
33311883,76561198386211174,306,"jogo bom recomendo desenvolvidos por brasileiros, jogabilidade boa recomendo!",True,False,1499348478
33257527,76561198368266630,427,"recomendado mesmo! mutio viciante o jogo, graficos lindos, trilha sonora não vai sair da sua cabeça, comi a mãe do icaro aquela puta, jogo muito viciante baixem",True,False,1499222558
33208843,76561198065313083,404,sda,True,False,1499129033
33205648,76561198195927042,301,game legalzinho de graça e ainda te cartas.,True,False,1499122024
33204146,76561198322003663,414,joguinho de matar monstrinhos,True,False,1499119316
33181501,76561197970025695,190,ss,True,False,1499085063
33163413,76561198278871082,4142,"excelente jogo, ainda mais sabendo que é de produtores brasileiros. gostei de tudo, faltou apenas uma modalidade online. vlwww",True,False,1499047993
33017864,76561198286689881,38,"jogo frenético tipo um twin-stick shooter muito bonito, e de graça, feito por brasileiros. preciso dizer mais algo ??? só pegue e ajude a industria nacional.",True,False,1498785961
33012404,76561198330264995,1263,muito bom e tem uma trilha sonora mais deliciosa q paçoca,True,False,1498774302
33004447,76561198085580478,279,muito bom pra ser gratis :v,True,False,1498761790
33004402,76561198343094678,11,esse jogo e mais ou menos,True,False,1498761734
32992721,76561198156154267,611,excelente jogo para passar o tempo,True,False,1498745770
32928979,76561198259816361,255,"jogo legalzin, com musica boa, mas fica chata as vezes, e tem legenda hue br que é a melhor coisa do mundo",True,False,1498649462
32897745,76561198154585537,160,bem divertido ^^,True,False,1498606428
32870716,76561198057004706,155,e melhor jogo indie do mundo relic hunters zero que eu joguei,True,False,1498586461
32864551,76561198333846826,11,"otimo game , pixel art incrivel ! bom pra passar o tempo ..",True,False,1498583749
32727145,76561198309322290,144,le,True,False,1498311606
32701831,76561198347003907,78,bem legau,True,False,1498259141
32516754,76561198128846514,391,nice,True,False,1497731078
32494788,76561198193127398,215,"o game tem ótima jogabilidade, falta algumas otimizações e dentro da jogatina não pode entrar no sistema de configuração, além de quando você morrer você volta para a primeira fase.",True,False,1497677384
32229689,76561198350472395,223,"ja com poucas horas de jogo ja percebi como ele e bom. adoro jogar ele e otimo pra passar o tempo, alem do tempo para baixar ser otimo. recomendo",True,False,1496793153
32201575,76561198307781451,2002,muinto bom,True,False,1496676286
32161228,76561198238126046,936,"simplesinho, mas viciante. um modo online seria fantastico!!!",True,False,1496523294
32148881,76561198299416607,545,"muito bom ese jogo,e ainda é brasileiro",True,False,1496484374
32029570,76561198342735474,455,bom gratis mas e curto,True,False,1496006987
32026757,76561198153780940,853,a,True,False,1495998035
31907044,76561198294742449,53,jogo muito bom mesmo parece enter the gungeon so que de graça kk,True,False,1495483367
31869623,76561198378488828,39,"ele é muito bom,pixel grapichs muito bons",True,False,1495315509
31738827,76561198325100894,67,"jogo legal até, mas é cansativo.",True,False,1494733893
31732372,76561198215656853,901,"otimo jogo, mas tem coisas simples que faltam em um jogo desse genero, prós:jogo dinamico e rapido,varios personagens, armas diferenciadas padroes pra cada classe,sistema de itens,desafiador,sprites bem animados,feito por brasileiros,possui piadas na linguagem hue,variedade de inimigos(ficando mais difícil a cada level) etc. contrás:falta de detalhes nos mapas, o que geralmente muda só a cor fazendo os levels bem porcos,falta escolha de dificuldade(mas n é algo que eu sofro),falta de sistema online serves e talz. tirando os levels bem porcos,o jogo é otimo 8/10",True,False,1494705911
31730118,76561198189513441,405,se tivece multyplayer online ia ser muito melhor mais com isso ja está bem divertido 7/10,True,False,1494698950
31685919,76561198313418433,309,"jogo muito bom, frenetico e de comandos simples pena que é meio repetitivo mas isso é superado quando voce encontra uma nova arma ai vai cadenciando novamente o jogo e voce vai jogando horas e horas.... em resumo pega que é de graça e é bem divertido de jogar!",True,False,1494520005
31672781,76561198208764249,386,"trata-se de jogo 100% free e open-source (com código aberto), ou seja, você não pagará absolutamente nada por ele e também não haverá quaisquer armas, itens estéticos ou mesmo cash para que tenha qualquer gasto real, pelo contrário, os desenvolvedores disponibilizarão o código todo, abrindo margem para que qualquer um, mesmo que não tenha conhecimento algum de programação, possa criar novos conteúdos para o game. inclusive já há tutoriais feito pelos próprios desenvolvedores, ensinando, por exemplo, como criar uma nova arma em pouco mais de 30 minutos.",True,False,1494451338
31613087,76561198202089007,97,mt loko,True,False,1494190480
31430157,76561198352546864,22,um jogo bom divertido da pra gastar um bom tempo nele,True,False,1493436023
31422031,76561198137711932,268,"jogo perfeito, com pixel grapichs, várias explosões e modo coop local para 2 players, ficaria perfeito se tivesse um modo multiplayer online. pra quem curte esse estilo de jogo, recomendo.",True,False,1493403426
31384998,76561198301524002,24,que coco,False,False,1493252136
31364217,76561198062857247,34,tao zuero q n tem como n gostar,True,False,1493151689
31277030,76561198107891877,280,"um jogo divertido, e leve.",True,False,1492787644
31266637,76561198315479038,653,mimimimimimimimimimimimi,True,False,1492738412
30908428,76561198255558569,3089,nice,True,False,1491160178
30865542,76561198125925849,80,esse jogo é maneirão ein,True,False,1491010887
30837369,76561198145482777,619,"o download é bem rápido, esse jogo é bom para aqueles jogadores q tem computador fraco",True,False,1490894662
30824650,76561198257420243,23,legal,True,False,1490838268
30819306,76561198325319342,1119,"bom este jogo é um jogo que me fez perder muito tempo, mas muito tempo mesmo. então vamos lá. relic hunters zero é um jogo com uma história curta e pouco explorada. a mecânica do jogo é básica e o jogo não é necessáriamente um multijogador, o que me permitiu ter algo para jogar enquqnto estava sem internete. sendo um jogo leve, ele roda em qualquer pc mesmo, qualquer pc! a campanha passa em fases e você pode desbloquar personagens, cada um com suas características únicas. cada fase vai ficando mais difícil e na última tem um boss, sendo que no meio do jogo você pode achar fases bônus que podem conter algum boss. você pode comprar vantagens, armas, melhorar suas armas, melhorar seu escudo, etc. basicamente, se você tiver jogos como battlefield ou qualquer outro que te prenda, você não vai jogar muito este jogo. mas é bom tê-lo instalado para quando ficar sem internete ou jogar com amigos que não podem jogar outros jogos com você, garantindo muuitas horas de jogo!",True,False,1490813859
30803951,76561198312073195,116,incrivel,True,False,1490746320
30754301,76561198202158740,512,"jogo brasileiro muito divertido, recomendo muito !!",True,False,1490543749
30741024,76561198364059592,72,uau,True,False,1490495146
30725643,76561198193371538,922,otimo jogo só acho que ficaria melhor com multiplayer online !,True,False,1490444242
30714525,76561198071236624,199,"excelente jogo, superou todas minhas expectativas. jogabilidade excelente no mouse e teclado. trilha sonora empolgante.",True,False,1490396775
30696225,76561198167528572,80,muito bom,True,False,1490318948
30656430,76561198107227074,71,enjoa facil e o jogo é meio repetitivo,False,False,1490121631
30639040,76561198272518399,325,esse jogo é maneirao em !!!,True,False,1490032883
30582513,76561198056386458,138,show de bola,True,False,1489807522
30436569,76561198079647843,1032,"divertidissimo e engraçado,um multiplayer online seria sensacional!",True,False,1489194504
30399439,76561198154831144,606,:),True,False,1489013777
30385693,76561198138979480,1469,"gostei bastante do jogo, mas achei um pouco ""pequeno"" zerei em matei o boss em menos de 2hrs de jogo, daria muito bem pra continuar com mais fases e inimigos, e mais chefes. o jogo tem um grande potencial, deveria ser mais explorado.",True,False,1488953702
30363453,76561198129500834,55,ponhe online ae pa nois,True,False,1488840447
30324048,76561198206190885,640,muitoooo bomm,True,False,1488663831
30319418,76561198213720575,801,o jogo e bem legal mais tem que ter mais fazes e bosses,True,False,1488648973
30241210,76561198140414103,105,jogo do demônio me viciou,True,False,1488292283
30232479,76561198308999507,49,jogo perfeito pro meu estilo eu vou tentar zerar ele ate em 3 meses se eu me enjua cedo eu fico louco e termino em 3 dias!!,True,False,1488250080
30212512,76561198220893196,1556,esse jogo é maneirão,True,False,1488167891
30155458,76561198157559948,106,"bem, jogo viciante porém curto, recomendo pois é muito bom, alem de os gráficos serem bonitos, roda em todos os pcs, poderia ter modo coop ou online, mas mesmo assim o jogo é otimo",True,False,1487987845
30110271,76561198154943672,17,q jogo lixo na moral ele é mto lento e ainda é intediante,False,False,1487812265
30107276,76561198157814817,122,muito baum slk 10/10 muito divertido eh o enter the gangeon de pobre :),True,False,1487798175
30103036,76561198286349334,67,pra mim ele ta bugado,False,True,1487782989
30043708,76561198321828039,2073,"primeiro jogo que obtive da steam e jogo até hoje, não tem como enjoar, esse jogo é magnífico, quando desbloqueio personagem novo fico doido pra testar ele em todos os mapas, e o mesmo com os itens especiais. nota 8,7/10",True,False,1487535559
30041210,76561198166304541,472,menerão,True,False,1487528107
30028210,76561198095238965,358,"o jogo é bom, mas rapidamente se torna repetitivo, você pode baixar e zerar o jogo uma vez, mas depois disso perde muito a graça, se houve-se modos online aumentaria bastante a vida util do jogo.",True,False,1487490914
30009844,76561198314378868,340,"o jogo é muito bom. mas vocês poderiam criar um modo online, creio que deixaria o seu jogo muito mais divertido!",True,False,1487427699
30008972,76561198334977073,1561,fodaaaaaaaaaaaaaaaaaaaa,True,False,1487425329
30008881,76561198083566330,138,além de ser de graça é extremamente viciante. gostei da idéia de ter poucas fases mas ter que jogá-las várias vezes para poder evoluir.,True,False,1487425050
29993006,76561198276123034,220,"jogo empolgante<>muita ação e... o nome da empresa é o melhor zueira digital, muito obrigado por esse game, recomendo muito que sirva de exemplo para outras desenvolvedoras iniciantes no brasil fps misturado com 8 bit e tudo mais.",True,True,1487364332
29932599,76561198286769087,316,"nossa véi, que game gostoso de jogar. nele vc tem q ficar morrendo e voltando, porém não de uma maneira cansativa. adorei o jogo.",True,False,1487123530
29913699,76561198121889163,242,fantastico.,True,False,1487044306
29910939,76561198276171890,35,muito lecal ;d,True,False,1487028037
29910554,76561198054396629,373,"fases bastante repetitivas, porém extremamente divertido e te faz passar horas sem nem notar.",True,False,1487025901
29893275,76561198310253089,700,"jogo ótimo, muito bom para passar o tempo - a jogabilidade é boa - som ótimo - gráficos lindos - inimigos realistas",True,False,1486969861
29888080,76561198274925332,304,esse jogo é muito bom para ser gratuito deveria custar uns 5 reais sei lá algumas sugestões para os desenvolvedores: *adicionar o modo mutiplayer e *adicionar outros modos de jogos,True,False,1486950887
29886734,76561198311131490,2787,"graficos simples gratis duravel divertido linguagem variada(inclusive ha a lingua hue/da zuera) jogabilidade simples(até porque é um twin stick shoter) variação de armas rasoavel dificuldade media 8,5/10",True,False,1486947534
29885153,76561198313887689,30,nem consigo entrar no jogo de tão bugado q é,False,True,1486941304
29879565,76561198096226138,270,muito bom pra um jogo free.,True,False,1486924041
29873528,76561198228186528,6,aí esse jogo é maneirão em!!,True,False,1486907792
29863223,76561198339324030,12,merda,False,False,1486869220
29860522,76561198109901712,939,melhor jogo ja viciei,True,False,1486857535
29859539,76561198229780096,375,foda pra krl esse jogo e ainda tem tradução hue br piwka,True,False,1486853885
29781936,76561198165078725,233,ele esta muito bugado e nao consigo jogar,True,True,1486562007
29779158,76561197990682294,288,gg,True,False,1486551831
29728654,76561198346004858,483,jogo mt foda mais ainda ñ sei como colocar online heh,True,False,1486327803
29706244,76561198322767253,348,"eu nao consigo jogar, quando abra a janela aparecem codigos e isso dificulta.",False,False,1486252983
29638749,76561198346122024,10,muito bom,True,False,1485993620
29596314,76561198240169556,323,"simplesmente incrível!!! a única coisa ruim, é, desbloquear personagens!",True,False,1485826415
29494845,76561198203789340,1232,meu primeiro jogo na steam. muito bom e é de graça!!!!!!!,True,False,1485402461
29455942,76561198321773520,839,super recomendo.,True,False,1485237428
29381503,76561198276153322,124,o jogo e bom e tbm pra jogar com os amigos,True,False,1484939457
29374314,76561198124102850,622,"muito legal o jogo,vários itens !!!",True,False,1484914643
29298919,76561198106604976,2155,"muito bom! faltou online, mas muito bom!",True,False,1484584489
29229832,76561198218733383,46,esse jogo e legal,True,False,1484333004
29053185,76561198064564432,1326,11/10,True,False,1483684170
29046460,76561198070747666,315,"jogo bem divertido, cansa um pouco, mas vale a pena playnar :v",True,False,1483655957
28938215,76561198353915559,2379,jogo travou e não consigo jogar ou exclui-lo. o que posso fazer ....,False,False,1483359454
28914958,76561198145972074,45,vim por um amigo,True,False,1483301291
28811730,76561198353446111,23,hard with mouse but great game c:,True,False,1483060455
28802047,76561198198014423,561,muito delicia esse jogo recomendo para distração em ponto morto,True,False,1483040463
28771956,76561198266988202,522,muito bom,True,False,1482970974
28687333,76561198170672367,99,divertido e com graficos classicos e pixelados,True,False,1482787293
28682250,76561198123560914,455,11/10,True,False,1482778082
28648691,76561198137492452,739,"o jogo é bom e será melhor quando for online, tipo de 1a 4 jogadores",True,False,1482702403
28594307,76561198341973610,18,ótimo jogo.!!!!,True,False,1482584963
28563243,76561198105108626,34,excelente,True,False,1482503216
28485389,76561198233941008,251,jogo muito legal 10/10,True,False,1482238345
28433017,76561198334073577,160,dificil,True,False,1482006515
28427465,76561198234900316,180,muito foda birl brrrrrr,True,False,1481988943
28369255,76561198269245332,236,"o jogo é muito legal com gráficos ótimos, boa jogabilidade e um dos melhores jogos indie que eu já joguei",True,False,1481761228
28354536,76561198161705170,1380,muito show,True,False,1481688141
28284054,76561198303337697,113,diversão garantida,True,False,1481356524
28230367,76561198298113419,222,vou baixar de novo mas na primeira vez que baixei nao estava funcionando,True,False,1481083886
28205609,76561198130268243,387,"primeiramente, esse jogo é sensacional! ele tem cores vibrantes, uma otima trilha sonora e uma jogabilidade dinâmica. o objetivo principal do jogo é coletar todas as reliquias, o que não é muito fácil, é bem dificil, mas rende varias horas de diversão, recomendo bastante o jogo.",True,False,1480955803
28050387,76561198327089573,19,muito bom,True,False,1480425058
27889121,76561198079687579,451,ashuasuashas i loved this game *-*,True,False,1480283041
27838229,76561198095134491,387,"melhor game grátis da steam atualmente, ainda mais agora que haverá uma aualização e está em desenvolvimento um novo jogo!",True,False,1480257925
27735791,76561198169275300,352,um jogo sobre animais armados muito divertido joguei a primeira vez e gostei dele seu problema e so com os graficos mais de resto otimo para passa o tempo,True,False,1480196244
27707254,76561198215490451,20,muito bom nota: 10/10,True,False,1480183973
27648827,76561198271257168,650,"jogo muito bom, recomendo a todos que joguem ^^ porem poderia ter mais atualizações frequentes",True,False,1480162171
27596792,76561198121582693,1686,"jogo leve bom para quem tem pc fraco, jogabilidade boa estilo 2d",True,False,1480135694
27553639,76561198044358166,68,o modo hue desse jogo torna ele totalmente mais interessante hahahaha,True,False,1480110622
27515128,76561198289012465,468,"game brasileiro, simples, com ótima jogabilidade e muito divertido. também é muito interessante desbloquear todas as relíquias, armas e personagens. o único problema dele é ser cooperativo local, seria muito melhor se fosse multiplayer e completar as conquistas :/ dica: coloque a linguagem ""hue"" e seja feliz xd. valeu rogue snail e zueira digital /o/ e tem relic hunters 2, então jogue pq é muito legal.",True,False,1480097893
27370563,76561198083675044,10,"otimo jogo, legal",True,False,1480043127
27355644,76561198088334221,384,otimo jogo pra passar o tempo e muito leve roda em qualquer pc,True,False,1480035242
27346952,76561198141976385,481,um jogo divertido estilo hack n' slash com um pouco de estratégia e bastante viciante.,True,False,1480031061
27335306,76561198160972369,382,quase impossível pegar todas conquistas,True,False,1480026588
27010559,76561198163616234,2693,"i simply can't stop playing this game. i've passed many time of anger by dying when i was just about to kill the boss at the second loop at the endless mode, but even so i can't stop playing it.",True,False,1479959253
26988479,76561198075073351,332,jogo muito bem deenvolvido e em constante atualização. recomendado para quem gosta de jogos do estilo shoot em up.,True,False,1479953684
26931759,76561198102367747,587,"um jogo simples e divertido de jogar com os amigos, super indicado tanto para quem joga sozinho como para jogar em grupo com os amigos.",True,False,1479941611
26884318,76561198201144946,370,badge,True,False,1479935284
26872678,76561198255765014,396,awesome!,True,False,1479934058
26844021,76561198150892666,5,100% br memes e memes... linguagem hue pode ser escolhida nas configuraçoes do jogo,True,False,1479931418
26694799,76561198150025182,173,mt bom e legal,True,False,1479573634
26653082,76561198139223631,213,"só podia ser br pra criar esse jogo, é mt dahora e tem falas e história excelênte, 9/10 pois n tem multiplayer",True,False,1479425482
26447609,76561198218339529,237,"è dahora pra passar o tempo , mas só vale a pena se pegar key.",True,False,1478396999
26375311,76561198101330168,413,é bem mais ou menos no começo até que é divertido mais depois fica chato mais vale apena pelas cartas e.e,True,False,1478103001
26364246,76561198238014768,345,"o jogo eh foda d mais,to esperando um modo pvp online cara,recomendo",True,False,1478042966
26345240,76561198328884415,94,maneiro frenetico,True,False,1477955252
26330329,76561198069453431,941,ganho meu respeito +3 (lang_hue) 6/10,True,False,1477892601
26223102,76561198249023738,226,"gratuito, mas divertido",True,False,1477439441
26107559,76561198191507041,92,"viciante, poderia ter modo co-op",True,False,1476827821
26033796,76561198091940923,446,"esse jogo é muito bom, o único ruim que vi nele é que ele não tem multiplayer online mas da pra gastar um bom tempo jogando, pq é muito divertido !",True,False,1476470504
26014787,76561198101658178,1556,excelente jogo ao estilo 2d. ótimo para passar o tempo fazendo as conquistas steam e desbloqueando os itens in-game. apresenta alguns crashes de vez em nunca.,True,True,1476375532
25989784,76561198204864535,5,está dando erro,False,False,1476226828
25956383,76561198209474639,467,"jogo bom pra um free to play e mesmo sendo pago até 15 reais valeria muito apena. divertido porém, um pouco hardcore!",True,False,1476049614
25935717,76561198117154423,144,foooooda!,True,False,1475967212
25905765,76561198288869412,74,mt bom o sistema de procurar reliquias e mt divertido o jogo em si é divertido recomendo dms!,True,False,1475854932
25886135,76561198120202714,874,[h1][url=https://store.steampowered.com/curator/7331191-hogwartsserver/]clique para mostrar[/url][/h1],True,False,1475766795
25872683,76561198151574361,516,"jogo faz quase dois anos, eu acho, e parei de jogar, fui jogar de novo hoje e crashou :(",True,True,1475688946
25831230,76561198332383273,82,excelente,True,False,1475455000
25794047,76561198009874526,422,"gratuito, mas divertido, fácil de jogar, mas algumas telas ficam meio impossíveis, poderia ter trilhas sonoras durante o play melhores!!!",True,False,1475301331
25732386,76561198281330807,1209,"[h1] relic hunters zero [/h1] [b]esse jogo é muito bom mesmo, se você gosta de varios inimigos na tela e gráficos bons que lembram os 16 bits esse jogo é para você assim como é um jogo perfeito para mim [spoiler] sério é muito bom [/spoiler][/b] [u][h1]pontos positivos :[/h1][/u] [b]música muito boa, combina muito com a jogatina. feito por brasileiros, quem diria que esse jogo otimo seria feito por br's? se você gosta de jogos com multiplayer local esse jogo é para você! jogabilidade suave e facil de se aprender. dificuldade digna de respeito, não tão díficil nem tão facil, desafiador. muitos personagens para se jogar e aprender taticas. modo infinito e modo aventura, o aventura é o modo historia dele, sendo assim o infinito para você se prender mais ainda no jogo [spoiler] funcionou comigo! [/spoiler][/b] sem micro-transações, ou seja, 100% gratuito modo ranked, você joga uma partida por dia e sobe seu rank assim mostrando sua skill, no total são 7 ranks. [strike][h1]contras[/h1][/strike] [b]não achei muitos contras nesse jogo porque para mim ele é perfeito! o jogo as vezes, bem as vezes quando você morre ele trava em uma tela branca so sai iniciando o pc denovo :/ multiplayer online, poderia ter mais sei que custa muito para manter servidores e o jogo é 100% de graça o jogo pode ficar repetido as vezes.[/b] [h1]e é isso espero que tenham gostado da minha análise ^^ fui![/h1]",True,False,1475019291
25701650,76561198330487885,390,jogo bom pra passa o tempo ^^,True,False,1474843589
25694732,76561198279258536,128,amaazzinnn... gg,True,False,1474817939
25675154,76561198067864210,119,"jogo extremamente bom, recomendo a todos",True,False,1474738840
25663561,76561198089054411,953,"[h1][b] um game nacional passatempo divertidíssimo! [/b] [/h1] gratuito,leve e legal! precisa mais do que isso? ideal para jogar enquanto faz downloads de seus games! [list] [*]gráficos: 8/10 -bem animados. -cores vibrantes [*]jogabilidade: 9/10 -controles respondem satisfatoriamente -intuitiva [/list] [b]nota 8/10[b] [url=steamcommunity.com/groups/valeapenabr]comunidade steam - mais informações...[/url]",True,False,1474694747
25577639,76561198099970588,311,frenetic duck hunting,True,False,1474231745
25500452,76561198210807629,400,proposta interessante,True,False,1473802174
25470472,76561198202886526,276,foda,True,False,1473629458
25429882,76561198066935988,104,"jogo muito divertido, recomendo bastante",True,False,1473444831
25379391,76561198253306991,469,"jogo incrível, recomendo muito: +design retro e ao mesmo tempo inovador e futurista. +gameplay ótima. +coop(local) muito divertido. +desenvolvido por brasileiros. +personagens carismaticos e espontaneos. +possui uma opção de linguagem hue. +um dos melhores jogos indies que já joguei na minha vida. +um roguelike incrível. +o jogo em si é muito bem humorado. +contem um modo infinito e missões diarias espetaculares. +está sempre atualizando e inovando. minha nota: 11/10",True,False,1473164407
25361333,76561198147088245,1182,um excelente jogo gratuito e divertido,True,False,1473069527
25353854,76561198104874780,178,essa tradução hue é a melhor coisa do jogo< todo jogo devia ter uma tradução assim,True,False,1473023155
25242558,76561198211825685,256,"eu estava em busca de jogos de graça e me reparei com esse, eu achei que ia ser um jogo indie qualquer mas me surpreendeu -pontos positivos -1 jogabilidade excelente -2 viciante... -3 dificuldade desafiadora e não muito difícil -4 gráficos bonitos que lembram a era 16bits -pontos negativos -1 menu bugado para o controle assim fazendo com que você fique trocando de teclado para controle bom... minha nota final é: 8,00 (muito positiva)",True,True,1472532271
25085607,76561198034132708,4739,divertido e viciante!,True,False,1471929873
25058069,76561198164186342,427,otimo,True,False,1471802625
25031901,76561198143952848,243,jogo otimo joguei por horas mas infelismente bugou quando tendei inicia-lo novamente ;-;,True,True,1471697326
24997837,76561198050463618,208,"simplesmente perfeito para meus momentos em que a net cai kkkkk tem 2 horas aqui mas e bem mais q isso. bem um jogo br huehueuhue muito legal isso ver q os br tao evoluindo nos jogos. jogo com 2 gb de ram e roda normal com os graficos no minimo a uma coisa se vc tem tem 2 entao diminua a tela q as travadas param mais. dou nora 10/10 amo esses jogos hardcore u3u,quando chega no modo infinito fica bem legal. espero ter ajudado com a analise.u3u nao sou de fazer isso mas pode me criticar se quiser e.e",True,False,1471546478
24877492,76561198156640745,433,"aqueles joguinhos casuais, bons para passar o tempo, mas não muito mais que isso. ótimo para tirar do tédio. nota: 6/10",True,False,1471075841
24701883,76561198314968496,74,meu pau é grosso '-',True,False,1470284613
24643714,76561198061434825,347,que jogo divertido! recomendo!,True,False,1470009991
24602117,76561198167028769,496,muito f0da!!!! altamente divertido e recomendável!!,True,False,1469823154
24601422,76561198293192747,486,"esse jogo é a prova de que jogo bom não precisa de graficos bom, esse jogo e sensacional, pra quem nao fecha o jogo mas ele continua rodando, abra o gerenciador de tarefas e procura o jogo, clica nele e finalizar tarefa, pronto",True,False,1469820521
24587299,76561198136833782,361,"uma excelente jogabilidade, historia envolvente e game play frenetica. alem dos graficos e a trilha sonora pixeladas q dao um charme ainda maior para o jogo. fora o fato de um jogo tao bem desenvolvido ser gratuito. excelente.",True,False,1469756098
24567837,76561198307912187,379,legalzinho e bonitinho e ainda de graça!,True,False,1469676459
24555266,76561198253534462,1498,"muito bom serio mesmo eu so queria que tivesse mais,armar,fases,novos boss e personagens. por favor se fazer atualização faz um jogo de multiplayer onlline porque eu quero muito jogar com meus amigos se fazer isso colocar novas coisas personagens eu fasso video pra mostrar o seu jogo.pra ficar no top (famoso) muito obrigado criador por gastar seu tempo criando esse jogo perfeito e gastar tambem lendo minha menssagem tchau e continui fazendo um trabalho perfeito",True,False,1469623697
24523853,76561198112180106,328,"um jogo free to play incrivel, ja vi varios jogos nesse estilo, mas nenhum tão bom quando (nem tão barato). o jogo tem 4 fases com varios stages cada uma, uma variedade de armas interessante. depois de um tempo jogando pode se tornar bem repetitivo, mas com certeza ele rende varias horas de jogo. ps: se você acabou de abrir o jogo, va em configurações, e em idioma ponha ""hue"", melhor lingua... hu3hu3 nota: 8/10",True,False,1469474330
24516700,76561198160403313,104,muito bom !,True,False,1469445690
24497841,76561198133211793,218,"o jogo é muito bom, mas estou sentindo falta de uma coisa, cooperativo online, espero que os criadores lançem uma atualização com este modo, mas de resto o jogo é muito bom :)",True,False,1469362072
24490234,76561198229599592,1005,"o melhor rpg 8 bits que ja joguei aqui vc verá: a linguagem ""hue"" bugs armas q parecem aliengenas objetos inuteis na vida real como relics super cruciais personagens bostas personagens cotocos e um boss super apelão na primeira batalha (depois fica mt facil) o modo infinito",True,True,1469322782
24481884,76561198021173817,1133,muito bom mesmo. não é sempre que encontro um jogo totalmente gratuito com essa qualidade. se algum dia lançarem uma dlc ou algo do tipo eu comprarei sem pensar duas vezes.,True,False,1469289857
24380249,76561198078917257,295,""" better than diablo 3 "" "" like skyrim with guns """,True,False,1468794093
24356659,76561198213902776,385,o jogo é muito bom recomendo.,True,False,1468687915
24345726,76561198262013054,518,zerei esse jogo em 1 dia e consegui tds os personagens e conquistas bem easy 10/10,True,False,1468637245
24287892,76561198159849725,569,"bom passa tempo, lembra os velhos jogos...",True,False,1468379822
24279154,76561198191613671,81,"o jogo pode ser simples más é muito bom,apesar de muita gente gostar desse estilo de games, muitos deles estão pagos mais esse jogo não e tbm e muito boooooooommm... graficos - 10/10 jogabilidade - 10/10 mecanica - 10/10 compativel com - joystick,xbox controller,steam controller,ps4 controller muito simples mas muito booom ao mesmo tempo... :3",True,False,1468346267
24257027,76561198312285327,331,um jogo di poubri qui n teim dinheru pra cumpra inter the gunjeon :3,True,False,1468255217
24239780,76561198274301734,466,muito bom,True,False,1468182822
24172665,76561198314842072,8,podre;,False,False,1467946686
24096757,76561198286262241,19,"___________________português pt-br_________________________________________________ jogo daora e divertido de se jogar, e alem do mais ele roda liso, e ainda é muito simples de jogar. tem algo melhor q isso em um jogo free to play( ou de graça, como quiserem chamar) ? óbvio que não! ___________________english________________________________________________________ game a bit addictive and fun to play , and beyond the more smooth it runs , and it's still very simple to play . q has something better that in a free to play game (or for free as they want to call it) ? of course not!",True,False,1467677635
24068019,76561198128627601,375,muito bom recomendo ps : tem que colocar o modo online que nn tem bjs,True,False,1467599539
24062453,76561197965972936,72,"um bom jogo, mecanicas interessantes e jogabilidade boa. a longo termo o jogo fica repetitivo e cansativo. vale a pena ser jogado, so não coloque muito tempo nele.",True,False,1467582767
24053198,76561198206857081,398,jogo é top,True,False,1467562674
23975493,76561198150462771,35,masserinha.,True,False,1467350935
23965278,76561198159268303,393,maneiro,True,False,1467318131
23931173,76561198256700516,81,gente esse jogo e muito bommmmmmmmmmmmmmmm,True,False,1467222195
23883860,76561198197137929,838,"joga daorinha gente, ta pra joga de boa em qualquer pc, esse jogo é muito dificil slc kkkk mais é daorinha",True,False,1467092103
23874464,76561198113852332,454,game com gráficos de 8-bit muito interessante!,True,False,1467062886
23859945,76561198065280679,374,massa,True,False,1467030393
23799738,76561198249191106,531,jogo mto bom,True,False,1466877889
23776848,76561198144137906,843,jogo 2d de tiro muito divertido! 10/10,True,False,1466822011
23771932,76561198102661509,579,"divertido, desafiador, bonito, simples, e engraçado até nos mínimos detalhes se você mexer nas configurações certas. h u e o jogo é muito bom mesmo! vou me empenhar em conseguir todas as conquistas.",True,False,1466808112
23694419,76561198272899755,279,fala que tem compatibilidade total com controle eu entro no modo big picture com meu controle funcionando normalmente e no jogo o controle nao pega ele simplesmente nao funciona,False,False,1466547827
23661594,76561198141902208,23,"bem simples, muito divertido e uma coisa muito interessante, muito engraçado! um jogo onde só mesmos os próprios brasileiros pra fazerem um sub idioma (hue como é no game). acredite, você vai rir muito e se divertir com a linguagem do jogo. bem fluído e leve, o que o faz rodar em qualquer pc.",True,False,1466384168
23620899,76561198123783680,359,10/10,True,False,1466197708
23544056,76561198273774447,353,bem hu3 br... do jeito q eu gosto ( ͡° ͜ʖ ͡°),True,False,1465858285
23528701,76561198055968598,396,"shooter sidescrolling com aquele visual bacana de pixel art, relic hunters zero é um jogo bem simples: atire em tudo e todos que vir pela frente para derrotar as tropas de... patos e tartatugas sob as ordens do temível comandante ducan. com pouco mais de 10 fases no modo aventura, seis personagens pra desbloquear, uma boa quantidade de power ups e apenas dois modos single player, o jogo não vai muito além dessa premissa. apesar disso, o game traz uma boa dose de dificuldade, sempre crescente, à medida que se avança pelas fases e como, tanto novos estágios quanto novos personagens, só são desbloqueados com as estrelas ganhas durante as batalhas, a premissa simples acaba sendo mais que o suficiente pra te incentivar a fazer/completar o máximo de atividades que puder dentro do que o game te proporciona. cada personagem por exemplo, possui um tipo de habilidade ou arma que pode fazer a diferença pra derrotar o chefão final e seus asseclas. os power ups e relíquias também exigem a sua atenção e devem ser comprados sempre que possível, especialmente as relíquias que lhe rendem condições especiais antes de entrar no campo de batalha, como o dobro de shield, barra de life mais alta e por ai vai. ignorá-los, essencialmente se você não estiver jogando com mais alguém no modo cooperativo local, pode provocar verdadeiros momentos de stress. além do modo aventura, ainda há o modo infinito, um survivor mode para testar as suas habilidades de verdade. enfim, o jogo é divertido e até exige um mínimo de estratégia em alguns momentos. apesar de um pouco mais difícil quando jogado sozinho, os tiroteios, power ups e artimanhas das fases deixam sempre tudo muito divertido. acho que o único contra seria a falta de um modo multiplayer, não só para estimular quem já jogou a voltar mais vezes, como também tornar a jogatina ainda mais frenética. de todo modo, o jogo é open source, ou seja, está aberto à todos aqueles, com o devido conhecimento, que se dispuserem a tornar a experiência ainda mais completa. logo, não acho que demorará muito até vermos uma atualização trazendo essas e outras features ao game. no mais, relic hunters zero é gratuito e vale sim o seu tempo. é isso.",True,False,1465772934
23512663,76561198011595325,519,"esse jogo é muito simples, mas também é divertido para passar algum tempo, como a maioria dos rogue likes de sucesso, eu comprei em um bundle (acho que antigamente ele não era gratuito no steam) e achei bem mediano, nunca pagaria mais que alguns centavos nisso. mas agora que ele está gratuito, é bom pra qualquer um apreciar, então compensa, no máximo você vai gastar o tempo que jogar, porque o download é muito pequeno. ----------------------------- this game is very simple, but it's also fun to spend some time, like most rogue likes of success, i bought in a bundle (i think once it was not free on steam) and found it pretty average, never would pay more than a few cents it. but now that it's free, it's good for anyone to enjoy, then pays well, cause at most you will spend time you will be playing, because the download is very small.",True,False,1465696497
23466928,76561198241745194,315,"melhor jogo gratuito, e ainda é br pode baixa, vc naum ira se arrenpeder",True,False,1465474015
23445066,76561198263853129,2588,muito bom esse jogo ainda mais se vc gosta de armas e pixels,True,False,1465350231
23370245,76561198253686647,438,muito bom :d vale muito a pena baixar,True,False,1464997390
23319184,76561198216639799,320,um dos idiomas é o hue br. o que mais é necessário dizer? 8/10,True,False,1464744070
23236452,76561198107358582,159,legal '-',True,False,1464364986
23196777,76561198077730817,47,"divertido por demais, principalmente coop <3 #zueiradigital mandando muito !",True,False,1464158089
23196104,76561198063823437,505,"recomendo para quem procura um jogo leve, com bastante diversão. só faltou uma opção multiplayer para ficar perfeito",True,False,1464153713
23192845,76561198186172645,247,é muito bom recomendo :d otimo jogo otimo jogo otimo jogo otimo jogo otimo jogo otimo jogo otimo jogo otimo jogo otimo jogo otimo jogo otimo jogo otimo jogo otimo jogo otimo jogo otimo jogo otimo jogo otimo jogo otimo jogo otimo jogo otimo jogo otimo jogo otimo jogo otimo jogo otimo jogo otimo jogo otimo jogo otimo jogo otimo jogo otimo jogo otimo jogo otimo jogo otimo jogo otimo jogo otimo jogo otimo jogo otimo jogo otimo jogo otimo jogo otimo jogo otimo jogo otimo jogo otimo jogo otimo jogo otimo jogo otimo jogo otimo jogo otimo jogo otimo jogo otimo jogo otimo jogo otimo jogo otimo jogo otimo jogo otimo jogo otimo jogo otimo jogo otimo jogo otimo jogo otimo jogo,True,False,1464135634
23176633,76561198070883931,417,gostei,True,False,1464068416
23136938,76561198070599733,217,o jogo é muito divertido e muito bem feito!! recomendo fortemente!!,True,False,1463921047
23094471,76561198142413450,386,"simplesmente dms, alemde ser gratuito, é um otimo jogo para passar o tempo",True,False,1463734049
22932797,76561198201612317,95,uma dilícia :3,True,False,1463084912
22931131,76561198118535894,256,"awesome game,really recomend! just one question,there is anyway to play a multiplayer mode?",True,False,1463078762
22873121,76561198268311819,166,"muito cômico o game, só br pra fazer uma coisa dessas",True,False,1462756800
22870933,76561198182006271,28,o game é otimo mas so tem um erro (nao tem coop sem ser local) fora isso o game é legal otimos graficos jogabilidade divertida,True,False,1462743527
22854942,76561198284232387,334,otimo jogo!,True,False,1462671998
22725087,76561198289963532,930,muito legal recomendo porque é pequeno gratis e divertido se voce quer matar tempo esse é o jogo perfeito,True,False,1462030584
22713536,76561198150843460,51,ótimo game para passar as horas!!,True,False,1461975274
22698454,76561198145794889,390,completa eu jogo que eu te chamo de mito,True,False,1461900096
22601070,76561198093150219,32,"*bem loko, empolganti *falando em ovo eu gosto e de cozido* tomo na jabiraca eroouuu caiu no tec tec do estabilizador vc caiu na ultrapassagi do relampago markins pq o petter cech usa capacete? r: vc caiu na pergunta do capacete kkkkkkkkkkkkkk",True,False,1461465407
22599717,76561198103925083,438,esse é aquele jogo criado pela uma enpresa brasileira mas não é jogo ruim esse o jogo perfeito pra você passar aquele tempo de tedio até chegar a hora de você sair com os seus amigos ou tua namorado e tals historia demais e enrredo perfeito melhor jogo de grafico pixelados,True,False,1461458355
22573633,76561198149763751,205,so falta mult online,True,False,1461354337
22571818,76561198065253791,500,"jogo delicioso da porra,to jogando é pouco.",True,False,1461347939
22554568,76561198174736126,446,br jogo legau,True,False,1461265887
22524909,76561198287295854,471,muito bom legal de mais !!!!!!!!!!!!!!!!!!!,True,False,1461108666
22478947,76561198292130238,172,"orgulho de ser brasileiro! diziam que não que o brasil não fazia games clássicos, diziam que eram todos ruins, diziam que todos eram feios... pois veja, agora temos um game clássico, dinâmico, bonito, em pixel-art e frenético! como não amar isso? aliás... é open source! se você vê algo ruim ou esta faltando no game? vai lá e modifique você mesmo! instala esse game e bom jogo! nota: 9/10 pc: [ inspiron 14r 3540 ]",True,False,1460903531
22465329,76561198143866600,839,bom,True,False,1460851176
22463402,76561198192481191,40,"jogo muitíssimo bom, uma ótima qualidade e diversão ao game. recomendo demais, esse é 10/10 :d",True,False,1460843648
22442432,76561198214343060,73,"haha , modo hue e mt dahora , fica um jogo divertido e engrçado",True,False,1460774207
22441547,76561198135845283,428,jogo foda pra carai,True,False,1460770198
22429259,76561198079981972,1058,downlowd now ou pro br baixa agora!!!!!!!!!!!!!!!!!!!!!!!!!!!!!!!!!!!!!!!!!!!!!!!!!!!!!!!!!!!!!!!!!!!!!!!!!!!!!!!!!!!!!!!!!!!!!!!!!!!!!!!!!!!!!!!!!!!!!!!!!!!!!!!!!!!!!!!!!!!!!!!!!!!!!!!!!!!!!!!!!!!!!!!!!!!!!!!!!!!!!!!!!!!!!!!!!!!!!!!!!!!!!!!!!!!!!!!!!!!!!!!!!!!!!!!!!!!!!!!!!!!!!!!!!!!!!!!!!!!!!!!!!!!!!!!!!!!!!!!!!!!!!!!!!!!!!!!!!!!!!!!!!!!!!!!!!!!!!!!!!!!!!!!!!!!!!!!!!!!!!!!!!!!!!!!!!!!!!!!!!!!!!!!!!!!!!!!!!!!!!!!!!!!!!!!!!!!!!!!!!!!!!!!!!!!!!!!!!!!!!!!!!!!!!!!!!!!!!!!!!!!!!!!!!!!!!!!!!!!!!!!!!!!!!!!!!!!!!!!!!!!!!!!!!!!!!!!!!!!!!!!!!!!!!!!!!!!!!!!!!!!!!!!!!!!!!!!!!!!!!!!!!!!!!!!!!!!!!!!!!!!!!!!!!!!!!!!!!!!!!!!!!!!!!!!!!!!!!!!!!!!!!!!!!!!!!!!!!!!!!!!!!!!!!!!!!!!!!!!!!!!!!!!!!!!!!!!!!!!!!!!!!!!!!!!!!!!!!!!!!!!!!!!!!!!!!!!!!!!!!!!!!!!!!!!!!!!!!!!!!!!!!!!!!!!!!!!!!!!!!!!!!!!!!!!!!!!!!!!!!!!!!!!!!!!!!!!!!!!!!!!!!!!!!!!!!!!!!!!!!!!!!!!!!!!!!!!!!!!!!!!!!!!!!!!!!!!!!!!!!!!!!!!!!!!!!!!!!!!!!!!!!!!!!!!!!!!!!!!!!!!!!!!!!!!!!!!!!!!!!!!!!!!!!!!!!!!!!!!!!!!!!!!!!!!!!!!!!!!!!!!!!!!!!!!!!!!!!!!!!!!!!!!!!!!!!!!!!!!!!!!!!!!!!!!!!!!!!!!!!!!!!!!!!!!!!!!!!!!!!!!!!!!!!!!!!!!!!!!!!!!!!!!!!!!!!!!!!!!!!!!!!!!!!!!!!!!!!!!!!!!!!!!!!!!!!!!!!!!!!!!!!!!!!!!!!!!!!!!!!!!!!!!!!!!!!!!!!!!!!!!!!!!!!!!!!!!!!!!!!!!!!!!!!!!!!!!!!!!!!!!!!!!!!!!!!!!!!!!!!!!!!!!!!!!!!!!!!!!!!!!!!!!!!!!!!!!!!!!!!!!!!!!!!!!!!!!!!!!!!!!!!!!!!!!!!!!!!!!!!!!!!!!!!!!!!!!!!!!!!!!!!!!!!!!!!!!!!!!!!!!!!!!!!!!!!!!!!!!!!!!!!!!!!!!!!!!!!!!!!!!!!!!!!!!!!!!!!!!!!!!!!!!!!!!!!!!!!!!!!!!!!!!!!!!!!!!!!!!!!!!!!!!!!!!!!!!!!!!!!!!!!!!!!!!!!!!!!!!!!!!!!!!!!!!!!!!!!!!!!!!!!!!!!!!!!!!!!!!!!!!!!!!!!!!!!!!!!!!!!!!!!!!!!!!!!!!!!!!!!!!!!!!!!!!!!!!!!!!!!!!,True,False,1460731063
22402198,76561198124750538,628,enter the gungeon de pobre,True,False,1460584380
22386115,76561198097591088,504,legal bem loko empolgante ;),True,False,1460507734
22359409,76561198056794704,404,funny game!,True,False,1460394377
22345098,76561198291519865,553,s,True,False,1460314023
22331564,76561198105040322,410,recomendo pra k7! tem jogo mais divertido nao.,True,False,1460259422
22271923,76561198282494938,2315,muito bom!,True,False,1459962160
22177872,76561198167875405,1394,"relic hunters zero é um de certa forma jogo simples e divertido. o gráfico é bem feito e muito bonito, a jogabilidade é de fácil adaptação, os sons e as músicas do jogo são bem boladas, a dificuldade é razoável e de modo geral não tive nenhum problema de gameplay. recomendo!",True,False,1459516620
22111607,76561198184440875,398,jogo bem legal para zuar,True,False,1459195547
22094702,76561198241428514,79,bom,True,False,1459119689
22092586,76561198067803790,52,"apesar dos gráficos serem supersimples, esse jogo conta com uma gameplay muito divertida, excelente ! parabéns aos desenvolvedores.",True,False,1459111523
22068309,76561198118127686,610,"jogo bem bacana, com uma trilha sonora que fica na cabeça.",True,False,1459014620
22041985,76561198134427466,2590,o jogo mudou consideravelmente depois da ultima atualização e voltou a ser o bom jogo pelo qual eu me apeguei quando ele foi lançado. voltou a ser um dos meus roguelikes favoritos. parabéns pra roguesnail pelo concerto no jogo. ainda precisa de uns ajustes. mas voltou a ser um ótimo jogo. free. forever :d,True,False,1458912045
22034822,76561198291797889,629,"bom o jogo nao é livre, mas é otimo para passar o tempo",True,False,1458875382
22032694,76561198258150247,190,é bem divertido! passaria horas jogando se pudesse.,True,False,1458863961
22014441,76561198122426836,365,jogo fo da tem um idioma pros hue kkkkk pera que é pequeno,True,False,1458778783
21957336,76561198139348248,554,"ótimo jogo,super divertido principalmente se jogado em multiplayer.recomendadíssimo.",True,False,1458525554
21883501,76561198083168302,278,muito bom!!!!!,True,False,1458207072
21865265,76561198144012521,611,mt legal so nao sei jogar online,True,False,1458112028
21850065,76561198096876074,224,"muito bom, gostei dos gráficos, é bem legal a jogabilidade, é muito divertido e tem uma trilha sonora excelente! e o melhor de tudo: é de graça! vale muito a pena jogar, é leve roda em qualquer pc, então não tem desculpa pra não jogar. tem muitas conquistas, muitas coisas pra fazer depois de zerar como pegar todas as relíquias, desbloquear todos os personagens, etc.",True,False,1458039106
21847833,76561198075223141,384,"jogo excelente. se for jogar o modo endless, que como o nome diz, não tem fim, mas cansa uma hora é claro, então umas 6 horas ao total antes de enjoar.",True,False,1458024452
21834532,76561198124699781,634,"muito fodelastico esse jogo me agrada de muitas maneiras, graficos simples, armas fodas, perssonagens engraçados, frenetico e é um tipico jogo que vc coloca na sala chama um amigo e joga com ele do lado, o unico ponto fraco nesse jogo e que não tem modo online mais e fodelastico do mesmo jeito",True,False,1457963795
21777723,76561198076004741,20,e dahora so que nao sei como configura um jogador no controle ou como joga no coop,True,False,1457742700
21775938,76561198075879575,390,muito op!,True,False,1457735913
21774652,76561198145052984,51,este jogo é mt bonitinhooo ;~ só isso msm,True,False,1457731766
21709710,76561198087512025,64,um dos melhores jogos free da steam. não deixe de adicionar na sua biblioteca!,True,False,1457451538
21611636,76561198122058950,261,viciante,True,False,1457049062
21609386,76561198146514590,384,"só esperando pelo modo pvp, grato",True,False,1457038908
21572425,76561198259153270,388,só falto o multiplayer online!,True,False,1456866294
21567456,76561198084630264,328,"[h1]game brasileiro altamente divertido e o único do mundo com a linguagem hue!!!! baixa e joga, vai valer a pena!",True,False,1456849634
21555762,76561198159420594,48,nem dá pra acreditar que é de graça de tão bom.,True,False,1456794337
21532639,76561198155883740,149,muito legal pra ser gratis,True,False,1456690463
21529547,76561198105062146,997,"o jogo é bom, só que falta um modo multiplayer.",True,False,1456681806
21505973,76561198117460456,64,joguinho muito divertido!,True,False,1456600168
21417399,76561198099624634,378,"bom pra caraleo, jogo br e super engraçado, parabens aos desenvolvedors e aos envolvidos, primeira vez que vejo estagiarios fazendo um bom trabalho :d",True,False,1456281343
21341835,76561198038672426,308,"excelente jogo grátis. muito divertido principalmente em modo co-op. trilha sonora boa, gráficos bonitos e jogabilidade fácil e viciante. único ponto negativo é a falta de um modo online, mas ainda assim vale muito à pena jogar.",True,False,1455980687
21330175,76561198078285989,1444,bem divertido e de gratis :),True,False,1455934650
21159228,76561198071062574,863,jogo divertido. da pra passar um tempo jogando.,True,False,1455305225
21128863,76561198139194467,467,mt bom haha,True,False,1455203686
21081351,76561198201363470,26,"gostei muito do jogo, a soundtrack, os leveis, arte, tudo muito bem feito. o melhor é poder o jogar de graça.",True,False,1455040225
21068131,76561198279924779,626,muito bom,True,False,1454991341
21036661,76561198240108166,123,melhor jogo single em 16 bits gratis do mundo!,True,False,1454879082
20985265,76561198247721982,794,curti esse jogo! ^^,True,False,1454728489
20973929,76561198082429823,255,"recomendo muito o melhor é que é graça!!!!! baixe, jogue, é muito bom",True,False,1454693520
20958355,76561198079252790,209,"[quote=walker indica]arte linda pixelizada, ótima trilha sonora, tiros, cooperativo local, diversos níveis desafiadores e frenéticos. tudo isso grátis e open source![/quote] [h1]história[/h1] sua missão é clara e objetiva: caçar as relíquias e derrotar os piratas espaciais (que são tartarugas e patos). uma história boa o bastante para sustentar o jogo e seu progresso. [h1]gráficos[/h1] quem adora jogos pixelizados certamente vai amar. até mesmo quem não adora acaba gostando dos gráficos do jogo, que são muito bem feitos, com cores agradáveis e carismáticas, e arte bem acabada, com detalhes na medida certa. [h1]soundtrack[/h1] mais uma vez quem adora jogos da era dos 32 bits vão adorar as músicas. bem animadas e envolventes, deixam a jogatina divertida e não enjoa tão rápido. [h1]jogabilidade[/h1] possível jogar tanto no mouse e teclado quanto no controle. senti uma facilidade maior no controle, principalmente por ter opção de ""ajuda de mira"", pois para quem não está acostumado com a mira e movimentação top view pode sentir grande dificuldade por um tempo, tendo de refazer inúmeras fases iniciais até pegar o jeito. [h1]gameplay[/h1] a progressão de dificuldade nos níveis é boa e desafiadora, satisfazendo quem gosta de jogos um pouco mais difíceis, mas também sem frustrar demais. requer estratégia e plano de ação, encarnar o rambo alguma hora irá causar sua morte, precisando reinicar toda a fase. por ser um jogo open source, significa que é possível criar inúmeros mods, tornando a experiência do jogo mais rica, mesmo após zerar. [h1]conclusão[/h1] tudo acima está disponível grátis. ainda é necessário falar mais alguma coisa para convencer que vale muito a pena fazer o download? ps: utilizem a última opção dos idiomas disponíveis, sua jogatina vai ser ainda mais divertida e hilária.",True,False,1454627089
20952979,76561198171912749,200,coloca checkpoint!!!!!! to dando rage cara@#@,True,False,1454606692
20942292,76561198147415642,66,bom vale o jogo.,True,False,1454548061
20909853,76561198115537187,537,"esse jogo tem uma ideia muito legal e divertida , se voce quer saber se vale apena? sim com certeza! ainda mais por estar sendo feito por brasileiros e totalmente em portugues , pode jogor no teclado e mouse ou no controle, uma dica coloque o idioma hue"" fica muito engraçado.",True,False,1454411778
20905245,76561198215659008,130,ótimo jogo não enjoa simplesmente perfeito!!!!,True,False,1454382685
20899418,76561198146239796,782,primeiro de tudo 10/10 roda em qualquer pc tem a linguagem hue (a lingua oficial dos brs zueiros) da pra passa um bom tempo jogando realmente muito foda xddd recomendo,True,False,1454356617
20894820,76561198165689008,277,recomendo muiiito pois irei te dar uma ideia podera ter multiplayer versus lan campanha modo historia modo realistico,True,False,1454340215
20834303,76561198145284852,513,muito bom gostei demais,True,False,1454102978
20770082,76561198071476274,61,"- baixe o jogo - coloque a língua em ""hue"" - se divirta 10/10",True,False,1453829513
20756874,76561198150485709,385,recomendo!! ótimo jogo!,True,False,1453766274
20753064,76561198256494862,176,cara muito zica e dica deixa o indioma no hue pq é loco e muito engrçado,True,False,1453750926
20710062,76561198114080416,1407,muito divertido. modo infinito desafiador. boa variedade de armas.,True,False,1453582140
20702078,76561198068089268,129,jogo muito bom e o melhor de tudo é q foi feito por br ahueuhaehua,True,False,1453559584
20682059,76561198116947795,887,"jogo 10/10 muito bom adorei , jogo com ótimos gráficos distribuido por uma dev de zuera kk tem até o modo hue kkkk mto foda e ainda dá para usar controle pra jogar (ajuda mto kk) e ainda da pra jogar um co-op local muito bom! inimigos simples e uma ótima historia! recomendo!!",True,False,1453482320
20672709,76561198089269563,304,"o jogo é muito bem desenvolvido, apesar de ter seu objetivo direto, ele deixa claro desde o ínicio o que se deve fazer. gostei muito da interface, que apesar de não ser algo ""new school"" é bem bonita para gamers com uma mente mais aberta e principalmente os que apreciam jogos antigos. apesar de muitos reclamarem da dificuldade, achei ela um dos pontos fortes do game, ela é grande responsável por não permitir que o jogo se torne massante, morrer quando está prestes a matar o boss faz com que você queira tentar de novo e as diversas maneiras de recuperar o que ja tinha perdido acabam abrindo portas para os jogadores não desistirem ou se sentirem frustrados pela morte. um jogo muito divertido para passar o tempo..",True,False,1453436441
20658770,76561198141897434,97,bom para passar o tempo,True,False,1453378083
20644716,76561198173050126,510,é um jogo divertido porem não tem multiplayer nesse momento. eu recomendaria para qualquer um. a única coisa que eu não gostei foi a dificuldade do jogo pois é muito difícil de jogar.,True,False,1453308228
20635338,76561198162419749,247,"muito legal esse game, simples e divertido.",True,False,1453258469
20560217,76561198255769419,29,muito bom,True,False,1452948702
20545354,76561198154278610,193,legal,True,False,1452885928
20514795,76561198131966359,165,"505025050205052052052152980588251/10 man, this game is really good, play it. pt-br mano namoral vey melhor jogo só pela linguagem hue q jogo foda o unico problema, é q eu tenho um controle da multilaser pra pc, e tenho q usar o xpadder por enquanto. jajá chega meu steam controller e tudo ta op",True,False,1452733236
20514036,76561198020385919,366,"relic hunter zero é um jogo indie feito aqui no brasil e lançado na steam em 2015 pela zueira digital e acredite feito por apenas dois desenvolvedores,mesmo sendo bem novo ainda já tem um grande carinho por muitos jogadores de todas as partes do mundo. o jogo retrata a aventura de caçadores de relíquias e a busca de vencer o comandante ducan,isso é tudo que o jogador precisa saber para sair atirando em patos e tartarugas espaciais e isso se torna realmente divertido,existem uma grande variedade de armas no qual nossos heróis podem usar,de armas leves como pistolas até armas mais fortes como rifles,shotguns e até mesmo bazucas. e por falar em ""caçadores"",temos a opção de usar 6 deles ao decorrer do jogo,cada um com uma habilidade exclusiva e uma forma de combate unica,como heróis que usam socos,lancha chamas,granadas e etc,outro requisito interessante de se comentar sobre os heróis é que cada um tem um atributo único,tendo uns mais vida,outros mais dano e assim por diante,esse aspecto traz uma grande mudança de como deve ser feito cada estágio do jogo e ao mesmo tempo não enjoando o jogador de aproveitar sua jogatina. os estágios de relic hunter zero são bem interessantes e trabalhados,a forma de pixel-art com a ideia meia sci-fi do jogo consegue dar uma ótima fusão,existem ao todo 6 mundos com 4 estágios cada um,a velocidade de terminar cada estágio é relativamente rápida,isso ajuda muito a não te prender em uma fase por um longo tempo e deixar o jogo monótomo de mais ou cansativo de mais para ser aproveitado,a trilha sonora está brilhante e combinando sempre com cada estágio ou parte bônus que o herói passa,se tornando até mesmo divertido de se apreciar em certos momentos. em relic hunter zero existem as stars que seria as moedas do jogo,matando inimigos e mais inimigos,você pode coletar essas stars e comprar algumas coisas ao decorrer do jogo, como os estágios que o jogador faz no modo campanha podendo pular de um mundo ao outro,armas especiais e as tão famosas relíquias que te acrescentam buffes importantes para facilitar o andamento da campanha,e um modo de jogo chamado ""infinito"" feito para aqueles jogadores mais ousados. um outro aspecto bem forte de relic hunter zero são suas conquistas que devem ser desbloqueadas,e acreditem isso da uma enorme e bela vida útil ao game,os desafios impostos para pegar essas conquistas são extremamente desafiadoras e vai dar um bom trabalho para quem quer fazer 100% do game. relic hunter zero é um ótimo jogo gratuito,sua ideia é ótima e sua diversão é bem garantida,os inimigos podem ser bem repetitivos e apenas existe 1 único boss no game todo,oque pode fazer com que jogadores mais desafiadores fiquem um pouco ""broxados"",seu desafio verdadeiro se da em conta das conquistas que devem ser liberadas para fazer 100% ao game,se está em busca de um jogo rápido,interessante e frenético,relic hunter zero então foi feito especialmente para você. 8/10",True,False,1452729007
20512269,76561198204197151,162,zikamente zikaso esse zikeiro,True,False,1452720702
20488064,76561198236171726,40,divertido,True,False,1452610726
20480813,76561198104674173,633,"jogo feito por quem gosta de jogar! sem microtransações e com jogabilidade intuitiva, mescla diversão e dificuldade. começa fácil mas anima rapidamente. as musicas nas fases são legais e passam o clima do jogo muito bem. o modo de lingua ""hue"" é uma ideia criativa e engraçada que da certo. melhor que muito jogo pago, recomendo a todos darem uma conferida e se divertirem com esse game.",True,False,1452569183
20478900,76561198113949517,473,muito bom cara o modo hue e muito engraçado,True,False,1452559319
20470922,76561198124308405,86,jogo bom mas o cooperativo devia ser online,True,False,1452529313
20411932,76561198180370491,358,"relic hunters zero é um jogo gratuito sobre o tiro patos espaço mal e tartarugas do espaço mal com pequenas armas bonitos. é rápido, é tático, e se sente delicioso e suave para jogar. desbloqueie novas armas, personagens e relíquias para derrotar o comandante duck.",True,False,1452309974
20378492,76561198100722252,340,"10/10 mas pq 10/10? bem, ele tem linguagem hue e só isso já basta",True,False,1452186928
20361934,76561198149996391,328,muito bom,True,False,1452119312
20356019,76561198153216920,36,"muito bom, um dos melhores jogos free-to-play da steam, ainda mais se for contar o fato de ter uma linguagem ""hue"", o que deixa o jogo ainda mais engraçado.",True,False,1452103089
20334396,76561198160348723,593,melhor jogo br que joguei!,True,False,1452030335
20334058,76561198127597608,765,"realmente é um jogo muito bom, apesar que eu tenha comprado todos os itens em 7 horas, foram boas horas. o jogo é meio curto então depois de conseguir matar o chefe meio que só resta o modo infinito e pegar todas as conquistas. e também apesar de ser meio simples, o jogo não é muito fácil não. recomendo totalmente, e espero o multiplayer :d",True,False,1452029400
20311491,76561198054599482,455,"não costumo avaliar jogos, mas, mano, que jogo incrível. se você é brasileiro e sabe o que é ""zueira"", jogue em pt, ou como muito bem colocado pelos desenvolvedores, hue. inicialmente parece só mais um stick shooter com gráficos pixelizados, nada de novidade. a história até deixa um pouco a desejar, muita informação pra uma só tela, mas a gameplay surpreende pela dificuldade e necessidade de bolar estratégias rápidas para avançar. constantemente são colocadas atualizações, então não dá pra hatear um jogo com tanta possibilidade de virar um gigante estando já assim. me lembrou bastante spelunky e hero siege.",True,False,1451960239
20302851,76561198089127738,401,"um jogo muito legal, desafiante e divertido com modo de linguagem ""hue"".....2098978/10!!!",True,False,1451938144
20291942,76561198078991251,301,"joguei pouco até agora, mas foi suficiente pra vir aqui encher de elogios a trilha sonora ta incrivel, não me canso de escutar o jogo é divertido e o design, tanto dos peronages e itens, quanto dos mapas tão impecavéis e o open source é uma parada genial. bonus, é feito por br's, só dando orgulho pros conterraneos. sonhando com um co-op com os amigos da steam, mas imagino que acarrete uma série de complicações. de qualquer forma, 11/10, muito divertido, pouca água.",True,False,1451916630
20275953,76561198075876595,167,"é um jogo free, um bom passa tempo e quem gosta de d2 classico recomendo (y)",True,False,1451868096
20236061,76561198053308534,299,"idioma: hue parabens, esse jogo merece meu respeito! 11/10",True,False,1451777708
20234289,76561198226131940,1846,"gostei muito desse jogo muito bom mais, a unica coisa que eu detesto nesse jogo é pq n tem suporte a joystick de ps2, então n posso jogar coop. mais mesmo assim acho um jogo otimo então recomendo.",True,False,1451774053
20222038,76561198259494675,793,"ótimo jogo, a história é interessante, os desafios são relativamente fáceis de se conquistar e o melhor de tudo, é grátis.",True,False,1451752012
20219376,76561198025010272,646,um jogo pra mostrar que brasileiros sabem sim fazer videogame!,True,False,1451747248
20216835,76561198129960359,396,com gráficos simples e bonitos o jogo trás um sistema interessante e divertido.,True,False,1451742273
20134182,76561198027196208,564,para um jogo de graça está ótimo,True,False,1451524955
20053485,76561197985290918,509,"o jogo é muito divertido e viciante, entretanto é consideravelmente difícil para jogadores casuais. o modo multijogador precisa ser refinado, talvez permitir mais do que 2 jogadores locais e adicionar um multiplayer online",True,False,1451354184
20007088,76561198267906116,391,very nice 8.5/10,True,False,1451244381
19972000,76561198128048773,435,melhor jogo,True,False,1451160301
19925342,76561198025781148,164,hue brbr,True,False,1451012265
19857628,76561198184383818,367,:d,True,False,1450832797
19757873,76561198073568443,215,"se tu é br, agradeça aos desenvolvedores por incluir a língua hue. sinceramente, já fazia muito tempo que eu não ria tanto de um jogo. a mecânica é bem repetitiva, porém é razoavelmente divertido. considerando que o jogo é gratuito, o que é mais um ponto positivo pra quem quer jogar e não quer gastar dinheiro, acredito que jogar esse título é uma experiência válida.",True,False,1450413550
19684793,76561198020349875,631,so funny,True,False,1450046772
19680908,76561198049789732,41,o jogo e simplse e muito divertido mas nao esta mas abrindo aquei no meu w10.,True,False,1450033046
19600301,76561198112764994,507,não sei se fico feliz ou triste por esse jogo ser melhor que boa parte dos jogos que eu comprei...,True,False,1449755262
19591946,76561198097161772,518,excelente game,True,False,1449705668
19546268,76561198156490044,4754,melhor indie free to play que eu ja joguei,True,False,1449492571
19534428,76561198146719253,1153,queria saber como que joga multiplayer local ja tentei colocar o controle mas n vai :-:,True,False,1449433511
19504906,76561198139919603,593,h.u.e.,True,False,1449334299
19502116,76561198118802557,374,"otimo jogo, bem divertido !",True,False,1449326925
19492022,76561198061229856,292,"um jogo bem gracioso, bem feito, com personagens com caracteristicas únicas que te obrigam a experimentar novas formas de jogar o jogo, dando mais dinamismo ao mesmo. jogo com tradução para várias linguas e ainda tem a linguagem do hue como uma forma de brincadeira ;p. um jogo que fica bem alto no ranking de jogos na categoria. lembra bastante ""nuclear throne"", uma boa opção para quem não pode bancar o mesmo.",True,False,1449288145
19466524,76561198123528825,566,"estou adorando jogar esse game, bem zueiro e ainda vai ter um multiplayer, fora o idioma ""hue"". exepcional, se você estiver atoa ou sem internet é um otimo game pra passar o tempo. recomendo fortemente, ainda mais se você gostar de uma zueira",True,False,1449181431
19443869,76561198061377329,261,"[h1] jogo super divertido, leve e dá cards! [/h1] quando eu iniciei o jogo, eu não esperava muito. após cada level eu fui me sentido desafiado e é isso que torna a jogabilidade mais gostosa, a cada nível, as armas, relíquias e tudo mais. o jogo não é enjoativo! eu destruo até o cenário todo procurando algo (rsrs). o único problema dele é apenas o cooperativo local, isso de certa forma não é ruim. mas seria muito melhor se fosse multiplayer para desfrutarmos desta obra magnífica. super recomendado!",True,False,1449084473
19436787,76561198078270726,622,muito legal! bem divertido! ;),True,False,1449063476
19390341,76561198083127060,423,muito bom.,True,False,1448897261
19386701,76561198137447423,116,"recomendo pq: -eh simplesmente foda! -linguagem hue -vc n enjoa -nem precisa fazer tutorial, já sai na porrada -linguagem hue dnv -tem conquistas -da pra jogar coop (local) -tem o jegue -tem a novinha -linguagem hue vey pqp",True,False,1448885096
19376070,76561198079085393,393,o jogo é bem divertido mas o que me surpreendeu foi o idioma hue.,True,False,1448835600
19371712,76561198077981081,797,"o jogo é otimo , 100% free to play , e ainda é br ,velho tem como ser melhor?",True,False,1448824421
19351064,76561198133433380,21,"é legazinho, porque o grafico é bem legal colorido acaba deixando jogo mais legal",True,False,1448760731
19345925,76561198063331406,460,"muito divertido! ótimo sistema de desbloqueio de itens, muitas armas, trilha sonora bem trabalhada e o idioma ""hue"" é genial! hahahaha embora a compatibilidade com controles seja bastante limitada, vale muito a pena!",True,False,1448745261
19316797,76561198233555404,118,"por que voce nao baixou esse jogo? não perca seu tempo lendo isso, serio, só baixa. motivos: -é br -nome da empresa: zueira digital (tem como isso não ser bom?) -hue br tem sim -é di gratis alias, por quais motivos voce ainda não está baixando essa obra prima?",True,False,1448654598
19307860,76561198075008788,260,"leve, rápido e divertido. ótimo jogo para passar o tempo quando tiver com tédio ou a internet cair.",True,False,1448630331
19270379,76561198163302125,548,:3,True,False,1448478221
19234530,76561198256469151,36,jogo bem divertido e ainda tem a linguagem hue kkkkk peguei de graça no site do nerd maldito!,True,False,1448291363
19203673,76561198089365439,113,melhor jogo do mundo ainda mais com a linguagem hue ativada aehuehuehuehuehue,True,False,1448148805
19200947,76561198069274264,95,"jogo muito bom,se fosse pago eu pagaria uns 20 reais nele!,muito bom,nivel de jogo alto!",True,False,1448139294
19196961,76561198105051913,8,muito bizarro e facil,False,False,1448126926
19194219,76561198086648054,286,bom jogo peguei em giveaway peguei as cartas e vendi.,True,False,1448118196
19183915,76561198228974152,9,se não tiver nada para fazer jogue esse jogo,True,False,1448070197
19146899,76561198245502598,302,uma bosta!!!,True,False,1447866526
19092339,76561198103185326,479,simplesmente amei,True,False,1447588442
19087624,76561198082432024,56,simples! 1 - baixe. 2 - ligua: hue 3 - se divirta pra caraaaai! 10/10,True,False,1447567306
19043685,76561198021487653,310,viciante heh... ~v~,True,False,1447380773
19034497,76561198142731661,167,"esse é uma bela obra, que tem linguagem hu3br, jogo magnifico com fases freneticas e divertidas, um jogo muito hardcore no qual você tem que evoluir as coisas certas, eu tenho certeza que você vai perder horas nesse jogo que inclusiveee é de graça, o jogo tem graficos bonitos e simples, e rodam em qualquer maquina, até as que não tem os requisitos minimos.baixe esse jogo agora!!! (só falta o multiplayer on-line)",True,False,1447343901
18999135,76561198142662270,773,otimo jogo mais ainda no modo infinito para ver o quanto sua vida e ruim e disperdiçavel,True,False,1447193819
18978836,76561198018406899,28,"1. instala essa merd❤ 2. troca o idioma pra ""hue"" 3. ???? 4. profit!!!",True,False,1447113117
18971029,76561198042793065,184,restless fun! i will say no more!,True,False,1447078615
18928117,76561198138365001,146,"um jogo legal, divertido, não se compara a muitos, mas é ótimo para passar o tempo. além de ter a tradução br, é um jogo ótimo xd",True,False,1446896492
18914079,76561198184723849,8,"jogo esta otimo ,muito top , graficos boms demais, so a jogabilidade que meio complicada mas nao atrapalha a diversao",True,False,1446835746
18904447,76561198084725766,118,"bem simples, mas com muitas horas de diversão pra qualquer um tipo de gamer, jogabilidade bem facil, tambem é possivel jogar com 2 players local, o que é bem mais divertido ainda, e ainda é um game indie brasileiro.",True,False,1446798393
18901471,76561198137750209,261,sim muito bom!,True,False,1446780070
18875053,76561198100881204,184,jogo muito divertido,True,False,1446648107
18874146,76561198158470149,1253,"simplesmente fod@, a unica coisa que devia ter em minha opinião seria um modo infinito online",True,False,1446644127
18867752,76561198119343686,703,"extremamente divertido, recomendo.",True,False,1446606669
18806434,76561198116524335,375,bem engraçado e divertido mas peca feio em não ter multiplayer lan...,True,False,1446345657
18804096,76561198091294191,39,"idéia boa, mal aplicada. jogo enjoativo. 5/10",False,False,1446334825
18793202,76561198115450756,23,──────▄▄───▐█─█▐███▐███▐███▐█─█ ──▄▄▄█▄▄▄──▐█▄█▐█▄█▐█▄█▐█▄█▐█▄█ ▄█▀█████▀█▄▐█─█▐█─█▐█──▐█──▄▄██ █───███───█ ████▀─▀████▐─█▐██▐─▐─▐██ ▀█▐▐▐▀▐▀▐█▐ █▄▀▀▀▀▀▀▀▄█▐▀█▐▄█▐─▐─▐─█ ─█▐▐▐▀▐▀▐▐█ ─▀█▄▄▄▄▄█▀─▐─█▐─█▐▄▐▄▐▄█ ─███▐▄▐▄▐─█,True,False,1446301998
18778434,76561198074435861,1626,"como eu curto esse jogo! relic é um jogo bem frenético que só te deixa respirar nas primeiras fases. com varias armas e personagens engraçados pra usar eu diria que é o jogo br com que mais me diverti! uma boa pra passar o tempo e um free-to-play digno de ser platinado. ainda mais agora com o novo modo sem fim, que trouxe ainda mais armas. tudo isso com a opção de idioma hue! heauehauheau simplesmente de mais!",True,False,1446244422
18772676,76561198241111014,1534,e bem legal muito de mais mas podia ter mais fases seria legal,True,False,1446228826
18752536,76561198126893726,311,"maravilhoso, peguei a key em um site random, baixei e quando fui mudar idioma , achei a ''punheteira'' jumento, ''pistola do bope'' e feito, durmo baraçado com esse jogo",True,False,1446163856
18697982,76561198120116682,213,foda,True,False,1445879997
18660723,76561198140906824,187,como bota em multplay?,True,False,1445705293
18654981,76561198169676577,37,caça ao tesouro 8-bit 11/5,True,False,1445683197
18651104,76561198091768003,293,good,True,False,1445661178
18650379,76561198030572823,210,"um jogo ótimo para se passar o tempo, é um indie brasileiro e ainda por cima conta com a língua hue. zica d+ 10/10",True,False,1445656886
18607478,76561198182266137,517,esse jogo e daora pra jogar batendo uma,True,False,1445466058
18594721,76561197978998787,86,"nem dá para acreditar que esse jogo é grátis! muito bom! dá para perder várias horas se divertindo com os amigos... ou daria, se eu tivesse algum! se quiser ver um pouco do jogo, segue o link do meu gameplay comentado: https://youtu.be/afi0edynwpc no mais, baixa esse jogo que você não vai se arrepender! (ps: nerf vi)",True,False,1445400862
18588089,76561198168495843,179,muito bom esse jogo feito por brs hue hue.,True,False,1445367238
18560920,76561198120160306,270,muito bom,True,False,1445218038
18551643,76561198132679527,1088,tem a linguagem hue.,True,False,1445184334
18512046,76561198110701044,468,"ótimo jogo, muito divertido, e fica ainda melhor com a linguagem ""hue"". para ficar completo mesmo acho que deveria ter um modo multiplayer online. nota: 10/10",True,False,1445032827
18483840,76561198077997236,287,"quando eu fui mudar de língua eu achei uma peculiaridade, a língua ""hue"" bom só por isso 10/10! o jogo é bom também.",True,False,1444916531
18478584,76561198247585030,96,muito bom <3 recomendo o idioma: hue. recomendo dmais esse game,True,False,1444874603
18471491,76561198122559969,301,"[h1]""bom demais pra ser de graça"" 8/10[/h1]",True,False,1444836627
18464209,76561198133077508,57,lokaum,True,False,1444790148
18450017,76561198112972117,108,massa demais! :d,True,False,1444700026
18420613,76561198199662881,282,e ate divertido,True,False,1444526132
18418095,76561198107078841,557,mais daora q comer mãe dos outros,True,False,1444511870
18404567,76561198147396568,351,um jogo brasileiro muito bom \o/,True,False,1444443718
18390151,76561198254087691,608,legalzinho até,True,False,1444356665
18350331,76561198088670328,2557,"altamente recomendado! no geral o jogo é genial. a trilha sonora é sensacional e nem um pouco enjoativa. local coop traz a sensação de jogar super nintendo com seus amigos na tv da sala. o modo aventura não é tão grande, mas você joga mais de uma vez sem problemas, já que a diversão não acaba (e pegar as relíquias é um p*** desafio) hue language <3 a unica coisa que faz falta é um multiplayer de 3 ou 4 jogadores. 9/10",True,False,1444107890
18300122,76561198095642540,246,relic hunters zero e um otimo jogo eu recomendo muito seus graficos e musicas em estilo 8 bits são otimos!,True,False,1443838010
18293058,76561198203712847,133,poucas armas para um jogo onde tem guerrinha mas muito show!!,True,False,1443803588
18270744,76561198026774421,1335,nem era pra ta de graça de tão daora. hue é a melhor lingua só joguei com o prayboy e com a novinha. daora da uns tiro nus pato,True,False,1443664091
18269921,76561198084056040,215,"what am i suppose to say about this game? it's free, and best of all, it's awesome, with funny graphics and simple musics, those that you like to hear, the graphics are simple too, and that's awesome to those who don't have a good pc, like me, and you can spend some hours when you're bored, play it, it's really free.",True,False,1443657696
18251180,76561198216693968,189,o melhor fuckin jogo ever,True,False,1443543687
18243221,76561198083502932,39,good,True,False,1443486825
18242934,76561198160468371,2578,"jogo fácil, rápido e que dá para fechar em poucos minutos, caso você seja o [url=https://chucknorris.com/][u]chuck norris[/u][/url], o que eu acho muito difícil de ser. | [b]valor pago:[/b] r$0,00 | [b]package:[/b] [url=https://steamdb.info/sub/76099/][relic hunters zero developer comp][/url]",True,False,1443484761
18242187,76561198202007492,10,,True,False,1443480012
18235372,76561198189752813,846,legal mais muito difícil,True,False,1443447416
18232690,76561198146450023,63,jogo nota 10 mais.... merecia 1 modo multiplayer !,True,False,1443426593
18228124,76561198111430647,30,muito divertido!,True,False,1443390269
18225259,76561198058403542,41,"um jogo divertido ainda mais se tiver controles extra para mais gente para jogar, so o multiplayer online ficou a desejar",True,False,1443378719
18215465,76561198075994316,35,o jogo é muito bom...,True,False,1443335995
18205474,76561198158805512,12,véri chou,True,False,1443286168
18186241,76561198142748200,2958,"estou editando minha análise pois no momento da dissertação, tinha poucas horas de jogo então não foi uma boa análise. este é meu jogo favorito do gênero. gosto muito dos desafios e pra quem é brasileiro o modo hue(opção de linguagem dentro do jogo), faz você das umas boas risadas. acho boa a mecânica dos personagens e suas características, por causa da mecânica é uma boa ideia jogar coop. o modo coop é uma boa opção mas não é viável via o remote play, nem coop local, pois precisa usar o mesmo pc, ou seja, uma pessoa usa o teclado e outra usa controle (até quatro pessoas jogando). a falta de um ambiente online é o que faz muitas pessoas pararem de jogar, claro na minha opinião não fiz nenhuma pesquisa sobre isto. a mecânica dos inimigos é bem parecida e com o passar do tempo se pega o jeito, mas acho que essa é a intenção neste tipo de jogo. resumo: prós: divertido bom desenvolvimento dos personagens desafio diário mods da oficina contras: poucas fases na história agora pode equipar várias relíquias na história, isso deixa sem graça sem modo online mapas muito parecidos",True,False,1443191445
18185934,76561198084727273,620,"bom game, bem fácio e leve, roda em qualquer pc acredito eu gráfico não são bons nem o audio, mas e jogo é até divertido. nota - 6/10",True,False,1443190242
18163754,76561198059895718,13,"bem simples, divertido, desafiador, ""de grátis"", sem microtransações e o mais legal: é um jogo br. joguei pouco, porém já estou gostando bastante.",True,False,1443039239
18153527,76561198054249957,663,"sensacional, muito bom esse jogo. parabens ao criador. extremamente recomendado!!!!",True,False,1442972620
18153008,76561198090440553,72,muito bom !!,True,False,1442968981
18152795,76561198105361641,550,"é um bem divertido, otimo para se passar o tempo. tem uma jogabilidade simples. ele tem uma certa dificuldade ao se passar as fases q o torna viciante",True,False,1442967578
18143270,76561198215629795,380,"bom para passar o tempo, recomendo.",True,False,1442917256
18139434,76561197996172592,587,mt bom,True,False,1442883240
18137800,76561198137358997,190,jogo viciante muito bom melhor que muitos pagos por ae .,True,False,1442872262
18136155,76561198217202373,291,"não tenho certeza se os desenvolvedores são huebr's, mas, a zueira rola solta neste jogo!",True,False,1442863887
18094536,76561198119659179,332,"um dos melhores jogos indies que já joguei, excelente dinâmica e gráficos ao estilo ""pixels""!",True,False,1442642417
18091242,76561198079216823,1457,"original e divertido. da serie ""bom demais pra ser de graça"". só faltou um co-op online e ficaria perfeito. dica: na linguagem ""hue"" fica melhor.",True,False,1442619441
18076447,76561198123878058,309,esse jogo é simplesmente foda! ainda mais com aquela linguagem nomeada de hue kkkkk ri demais com as traduções baixem recomendo e muito! :3,True,False,1442526049
18061539,76561198102066557,319,muito bom esse jogo <3,True,False,1442431265
18050619,76561198172879347,124,não tem muito o que falar então.........foda!!!,True,False,1442362197
18050014,76561198171933207,26,"achei top cara , queria um jogo desse pra passar o tempo , curti e recomendo pra geral , meio viciante ¹¹",True,False,1442358019
18049541,76561198124630216,19,"simples, porém divertido.",True,False,1442355055
18049462,76561198134440139,385,"muito bom, divertido e bem leve.",True,False,1442354314
18039807,76561198089898848,63,muito bom!,True,False,1442294944
18038785,76561198108566380,488,"excelente jogo, ainda não testei o multi, mas o single é muito competente e desafiador. recomendado para todo tipo de jogador!",True,False,1442285129
18025290,76561198115605843,304,+ or -,False,False,1442196470
18021278,76561198090187277,62,nuito bom,True,False,1442173987
18019267,76561198085360205,377,"relic hunter é um jogo muito divertido, apesar de não ter um multplayer... caso você queira uma experiença arcade recomendo esse jogo.",True,False,1442166279
18015085,76561198117627354,86,muito bom! gostei mesmo!,True,False,1442149050
18002546,76561198148116172,288,"recomendadicimo. comecei a joga no beta e é bem difícil, por que jogo fácil não tem graça.",True,False,1442082054
18001831,76561198146949773,1871,pena q a steam ñ conhece a linguagem hue. coloca multiplayer online,True,False,1442077331
17993162,76561198228672360,437,jogo foda,True,False,1442035405
17990747,76561198039320813,288,:3,True,False,1442018168
17981862,76561198136713323,273,"joguinho muito divertido! bem desafiador, no começo parece ser chato, mas ao decorrer da gameplay isso logo muda, recomendo! :) coloque a linguagem ""hue"" fica bem engraçado.",True,False,1441974092
17969304,76561198242566720,145,queria que tivesse multiplayer t_t,True,False,1441892903
17969095,76561198075585537,1042,10/10. esperando o multiplayer :),True,False,1441891654
17962292,76561198043882521,534,muito foda!!!!,True,False,1441837163
17961824,76561198101125775,655,tem versão hue 8001/69,True,False,1441834354
17960021,76561198168211610,29,"muito bom,sério mesmo,vale a pena!",True,False,1441823978
17950146,76561198135372149,320,ba1 pá cussigui carta,True,False,1441754488
17946792,76561198070191246,290,idioma hue é o melhor idioma,True,False,1441737173
17937877,76561198149115363,660,muito bom,True,False,1441681839
17931775,76561198140400512,425,legal mas injoativo,False,False,1441648648
17930432,76561198129868828,406,orgulho nacional 10/10,True,False,1441643869
17929067,76561198120185887,705,mt foda tem traduçao hue kkkkk genial,True,False,1441638677
17922141,76561198056883915,508,é um jogo que prende o jogador,True,False,1441594410
17917250,76561198209821729,368,muito bom,True,False,1441567271
17901136,76561198158493813,247,"incrivel!!! eu conheci esse jogo em uma bgs de um ano atras ( eu acho, n lembro) e pensei esse jogo vai ser muito bom quando lançar mesmo, e ficou otimo, parabens!",True,False,1441488502
17899694,76561198138471305,67,muito bom! zueira total com a opção de idioma 'hue' recomendo 10/10,True,False,1441482865
17880571,76561198047522771,300,se tivesse o multiplayer ia ser mais fods ainda \õ/,True,False,1441390925
17879997,76561198148328265,764,"um otimo jogo,mate ou morra.",True,False,1441388369
17878923,76561198160483975,457,"mano, que jogo foda meu deus kra é mt foda e tem a linguagem hue kkkk só falta multiplayer com amigos ae vai ser uns dos jogos mais viciantes que existem",True,False,1441383381
17873454,76561198086391814,265,"legal pra passar o tempo, divertido;.",True,False,1441351112
17871924,76561198064384773,105,"shooter divertido e com gráficos estilizados. lembra um pouco o contemporâneo nuclear throne, mas com um quê de ""arcade game"" mais acentuado. vale tanto por ser grátis quanto pela diversão que o título proporciona. recomendo.",True,False,1441338725
17869768,76561198049100834,769,foda bagarai. muito divertido e é de graça. melhor jogo br que eu já joguei.,True,False,1441323689
17868268,76561198207928495,620,muito bom,True,False,1441315469
17867724,76561198057607677,177,"mais um indie brasileiro bem interessante, com um visual bonito que lembra scott pilgrim, e uma boa pedida para quem gosta de caçadores de tesouros/recompensas o ponto forte talvez seja em ser bem customizável ao público, com código aberto a quem quiser adicionar mais coisa no jogo único porém é a falta do multiplayer ainda :( mas isso acredito que vem com o tempo",True,False,1441312511
17867372,76561198072688000,535,"bom o jogo é bem simples no geral. um shotter isometrico daquele estilo que se morrer volta no inicio, só que com o dinheiro que você vai ganhando, vc compra armas e itens em uma lojinha para que sua proxima tentativa seja mais facil. mesmo sendo um tanto quanto pequeno é divertido demais e além disso é de graça :ddd prós: -gameplay simples e divertido -gráficos bem polidos -é brasileiro!!!! -coop local -código aberto e incentivo ao modding contras: -relativamente pequeno -não possui coop online :(",True,False,1441310930
17866115,76561198141018987,396,"cara, esse jogo é de brasileiro e é gratis, então da uma força pros cara e esperimenta, porque esse jogo vale a pena, se tivesse um multiplayer e coop seria muito divertido, porém ele vai te prender por horas se você jogar ele, meio dificil de jogar no começo mas você se acustuma, há alguns bugs no menu e no jogo, mas ainda continua sendo gratis e divertido para todos que jogam esse jogo.",True,True,1441305007
17865433,76561198110845601,121,muito bom.,True,False,1441301876
17855506,76561198162765866,294,"jogo muito bom, mas devia ter mutiplayer",True,False,1441241528
17840963,76561198124531980,32,"jogo muito legal, me fez destransforma em cobra.",True,False,1441162939
17839621,76561198165611718,61,"jogo muito bom, a temática antiga é muito boa, a trilha sonora é incrível. e ainda mais por ser free, a dificuldade vai aumentando com o tempo, jogo fascinante. 9/10.",True,False,1441154461
17839164,76561198043777051,428,"esse jogo é bem foda! é um roubo ele ser de graça! bom gameplay, replay e personagens variados!",True,False,1441151921
17838099,76561198125027610,434,jogo delicinha 1: va em opções 2: selecione a linguagem hue ( tem mesmo ashuashudasdad ) 3: seja feliz com os mimimi e os teclado de gemer kkk,True,False,1441146905
17822355,76561198153906501,434,tem linguagem br ja ta bom 11/10 like,True,False,1441074453
17820759,76561198205648408,239,mto bom... um jogo mto bom para passar um tempo.... bem desafiante! só ta faltando agr o modo multiplayer... :),True,False,1441065669
17817364,76561198175502710,1666,"ótimo passatempo, um dungeon crawler bem simples.",True,False,1441048617
17814569,76561198076390342,493,"bem divertido e um pouco hard, mas falto o multiplayer coop online",True,False,1441036951
17811810,76561198237510276,413,simples mente muito bom.,True,False,1441025379
17804685,76561198217564956,1290,"um jogo muito bom, só falta o multiplayer, com multiplayer esse jogo vai ser uma delicia de niveis cósmicos.",True,False,1440983632
17804662,76561198122801021,688,"está dando ""code error"" na fase 3-1 depois da última atualização",False,False,1440983523
17804327,76561198065683077,339,otimo jogo para passar o tempo e o melhor de tudo é que tem o idioma hue br e uma otima jogabilidade,True,False,1440981864
17804072,76561198116122749,145,esse jogo sim tem qualidade brhu3 aprovando.,True,False,1440980356
17786241,76561198132144233,121,ótimo jogo,True,False,1440907114
17784060,76561198181788054,821,"muito divertido, gratis e roda até em forno de microondas",True,False,1440895383
17783061,76561198108049232,346,jogo exceszente recumendo muito xd - é muito divertido,True,False,1440890736
17782066,76561198161352130,284,joguinho massa,True,False,1440886471
17781811,76561198155599011,123,"tem o ""idioma"" hue ... não preciso falar mais nada.",True,False,1440885436
17781799,76561198239963606,384,muito bom adorei!,True,False,1440885400
17762582,76561198028459131,2854,"bom esse jogo, além de simples é muito divertido. é difícil no começo, mas com o tempo pega a manha. a jogabilidade é muito boa, o contra é o multiplayer que não tem. tentei várias vezes até conseguir derrotar o chefe. que por sinal é muito difícil. recomendo muito este jogo. muitas horas de diversão.",True,False,1440805086
17762228,76561198147691692,411,jogo muito bom mas ainda falta o multiplayer pra ficar mais foda.,True,False,1440803266
17761367,76561198099963476,146,10/10,True,False,1440799101
17760931,76561198073743434,20,"tem o idioma dos ""hue"", jogo feito por br, tem imagem de quadradinho. #partiu 10/10",True,False,1440797445
17747927,76561198175588457,280,zikaa,True,False,1440731125
17746309,76561198132811256,284,bem loco. leitê,True,False,1440720427
17746260,76561198150481256,225,game excelente! só que muito repetitivo.,True,False,1440720196
17744995,76561198136670157,288,"legal, é um jogo ''retrô'' com propostas diferentes, trazendo inovações !!!",True,False,1440713153
17741323,76561198160364115,188,its a nice game é um jogo legal!! o grafico é melhor que muitos por ai! é barato!,True,False,1440697449
17733418,76561198086935143,352,muito bom viado!,True,False,1440650660
17732076,76561198086368793,1823,"esperava mais do boss final,tirando isso é um otimo jogo free <3",True,False,1440638801
17715879,76561198089663129,162,"bem divertido, com o idioma hue torna jogar, bem engraçadinho. recomendo, dá pra se divertir bastante.",True,False,1440540323
17715367,76561198154839223,291,"o jogo é incrivel! rapido, dinamico, engraçado e tem porte de idioma em português e até hue. fiquei imprecionado pela variedade de armas que um jogo em 8 bits oferece. e o grafico apesar de 8 bits é simples e agradavel. (a simplicidade é um ponto forte deste jogo). espero que o estudio da ""rogue snail"" continue apresentando ideias criativas no futuro.",True,False,1440537606
17712393,76561198088273015,1389,muito bom,True,False,1440524986
17710130,76561198168455251,878,"para quem curte o nostálgico 8 bits e gosta de jogos de tiro, é ótimo, o jogo tem um design estilo nintendinho, músicas sensacionais e uma jogabilidade moderna. jogo feito por br hue hue, e futuramente acredito que terá modo online. recomendo !!!",True,False,1440514587
17704026,76561198129142446,29,"infelizmente não consigo jogar, mas deve ser muito bom... toda vez q começo a fase, quando vou atirar, o jogo fecha sozinho... alguém sabe pq isso tá aocntecendo? =s",True,False,1440478490
17703764,76561198048465453,80,"uns dos jogos br mais divertidos que joguei , tirando o tower fall , esse é o segundo melhor jogo br.",True,False,1440476282
17701131,76561198104213969,41,lingua hue 10/10,True,False,1440457450
17700199,76561198057468439,503,hue hue brbr 100000/10,True,False,1440452639
17698315,76561198072959687,159,"perfect game for play two player , me and my girlfriend ;) nice game. thanks !",True,False,1440444166
17696990,76561198103754795,77,muito divertido !! =d,True,False,1440438317
17686634,76561198106686806,651,"eu recomendo muito esse game, porque ele: - é muito divertido - possui uma idéia inovadora - é 100% grátis (sem microtransações) - é open source (bom para programadores e modders) - possui o idioma hue (é bem engraçado) - a distribuidora do game é da zueira (zueira digital) - é feito por brasileiros futuramente terá o modo multiplayer (coop, versus).",True,False,1440378903
17686285,76561197988507617,579,"jogo viciante, divertido, e com suporte para editar ele inteiro *-* eu aprovei!!!",True,False,1440375000
17685058,76561198133512707,461,"mt legal, com a linguagem hu3 huehuehuehuehuehue",True,False,1440368697
17684612,76561197996266524,15,"curti, mas o melhor é jogar na ""linguage hue"" kkk.",True,False,1440366560
17683081,76561198139227647,100,muito bom !!! só que ficaria melhor se pudesse jogar com os amigos mais tirando isso é muito bom a trilha sonora é muito boa a jogabilidade,True,False,1440360042
17682619,76561198189275859,191,"o jogo é otimo,nem parece um jogo free. o unico problema dele é que não tem multiplayer online",True,False,1440358162
17682531,76561198211610912,53,linguage hue a melhor coisa :3 :3,True,False,1440357796
17681671,76561198168150435,21,eate jogo e muito bom,True,False,1440354358
17673579,76561198148028376,110,chesus!esse game é muito foda,True,False,1440317592
17670953,76561198114225280,662,"aquele velho tipo de jogo ""passar as fases sem morrer"", pois quando você morre o jogo volta para a primeira fase. mesmo assim, não é algo que te atrapalhe a jogar, pois ao passar das fases você vai desbloqueando armas, items e personagens melhores para passar as fases com mais facilidade. pra um jogo free to play está de bom agrado, não é mesmo ? [b] 8/10 [/b]",True,False,1440299008
17670067,76561198089714349,44,dahora...,True,False,1440293666
17669966,76561198071219617,263,"otimo para jogar com a namorada! e é gratuito, recomendo!",True,False,1440293094
17668168,76561198113048609,57,"cara jogo mouito bom, e ainda mais com o idioma hue ehuehuehuehueheuh",True,False,1440283035
17667819,76561198098415598,580,"gostei bastante do jogo. achei divertido, bom para passar o tempo e muito viciante. porem fiquei bem frustrada com o fato de não poder jogar com meus amigos do steam, fiquei toda empolgada com o modo cooperativo do jogo, estava me empenhando para fechar 100% quando descubro que o cooperativo só funciona se for jogado na mesma maquina. o que me deixou muito chateada. mais espero que no futuro isso mude e que abram um modo cooperativo online para poder jogar com amigos do steam. fora isso, o jogo ficou muito legal e por isso recomendo. ;-)",True,False,1440281396
17666821,76561198155925939,808,"baixa isso agora, ta me entendendo?!?!?!? agoraaaaa mérito pela linguágem hue se não eu não entenderia nada do jogo. gráficos 11/10 soundtrack 11/10 diversão 11/10 jogabilidade 11/10 tradução br/10",True,False,1440276430
17664602,76561198145766675,426,"um jogo sensacional , nunca vi um genero tão intuitivo , que estimula você a passar das fases liberar os personagens eu recomendo vale mt apena",True,False,1440266452
17661373,76561198072274483,207,"o jogo é mto viciante :v mas realmente precisa de um modo multiplayer online, mas de resto... jogabilidade mto boa, trilha sonora do caralho, e gráficos muito bonitos :)",True,False,1440252917
17660506,76561198156299232,166,como eu faço para jogar coop?,True,False,1440248998
17653976,76561197985626010,241,"great game, is a shame that i can't pay for that",True,False,1440209397
17653878,76561198075884275,170,a melhor parte é o idioma ''hue'' :v,True,False,1440208731
17651703,76561198145114705,410,muito bom,True,False,1440196471
17650344,76561198091560451,51,muito bom,True,False,1440189889
17649088,76561198131703083,88,"jogo bem das loka, joguei poko ja considero pakas i tem opsaum di coloka linguagi de portugueis br i portugueis hue br muito das loka muitu boum 10000/10bem dasloka!!!11",True,False,1440184516
17644885,76561198087526323,2402,"meu deus, acho q esse foi um dos melhores jogos free2play que eu já joguei (se compara até com unturned, tirando o fato q esse não tem multiplayer online ;-;). esse jogo é muito viciante, e é dos mesmos criadores de chroma squad, jogo foda tb. nem sei como esse aqui é grátis. muitas armas e personagens pra liberar, gráficos pixelados ótimos, jogabilidade insanamente awesome, recomendo muito. opção de linguagem: hue 10/10",True,False,1440166035
17642378,76561198224885288,27,achei o jogo bom,True,False,1440153697
17638974,76561198025799741,16,"muito bom! grata surpesa, desafiador e divertido. recomendo aos amigos que experimentem!",True,False,1440129552
17637878,76561198178648233,241,muito bom :),True,False,1440121385
17637463,76561198053749753,8,187949841641/10,True,False,1440118864
17636656,76561198148091193,515,um jogo muito bem feito e de ótima qualidade para um jogo de plataforma.,True,False,1440113996
17635309,76561198133060565,70,parabens a zueira digital e a todos que criaram essa lindeza 10/10,True,False,1440106476
17633393,76561198156311482,1894,"esse jogo é muito bom, recomendo.",True,False,1440098019
17632588,76561198116467925,421,joguin nice!!,True,False,1440094365
17631964,76561198136417446,827,mamaco relíquia,True,False,1440091828
17629027,76561198020732466,170,entrei no jogo e pensei é bom demais para ser de graça,True,False,1440076918
17623705,76561198037891770,399,"que jogo excelente,e ainda tenho que escutar de gringo que jogo feito por brasileiros não é bom. e o maldito é dificil. eu pagaria facilmete por ele. joguem isso. seus cotocos!",True,False,1440038602
17622527,76561198121807465,26,tem o idioma hue!!! já merece um 10!! hahahah,True,False,1440030433
17622065,76561198149212542,1067,"very fun game, but there is no steam cloud, and this is a really bad thing.",True,False,1440027496
17621596,76561198072943075,1079,muito bom jogo e huehue firstclasse premier!,True,False,1440024820
17620736,76561198140199716,7,"não gostei desse jogo achei muito chato muito bobinho e acredito que brasileiros tem capacidade maior de produzir jogos muito melhores, a criatividade foi boa porem o jogo ficou muito enjoativo e simples demais, mesmo sendo gratuito não merece uma boa reputação. sinceramente acredito mais na capacidade de brasileiros. desculpe quem não gostar dessa analise mais esta é minha opinião, acredito que podem fazer melhor que isso. fica minha critica de maneira construtiva, pois acredito mesmo que nos brasileiros conceguimos fazer coisas muito melhores.",False,False,1440020208
17620238,76561198072663837,645,bom de mais o joginho zuera total,True,False,1440017553
17619356,76561198093251696,54,"jogo muito bem feito, com proposta instigante, pixel art muito bonita, realmente muito bem feita! me lembrou os bons tempos de arcade, 25 centavos de fixa, e um dia de felicidade kkkkk sem duvida um grande jogo, e eu pagaria tranquilo por ele pois é muito divertido! 10/10",True,False,1440013580
17618788,76561198106185262,475,"por favor, façam um cooperativo online!",True,False,1440010955
17618735,76561198114365096,23,10/10,True,False,1440010658
17618501,76561198077264717,683,"jogo extremamente recomendado para quem tem aquele irmão chato que fica pedindo para jogar junto, recomendado também para quem gosta de um gênero de jogo rápido e frenético... sim, exaltando minha nacionalidade, é um ótimo jogo criado por brs *****!!!",True,False,1440009625
17617856,76561198202049493,283,musica 8bits personagens 8bits armas 8bits inimigos 8bits telas 8bits menu 8bits jogo brhue 8bits coop 8bits 11/10,True,False,1440006483
17617060,76561198074418275,529,já merece voto positivo só pela linguagem hue!,True,False,1440002896
17616379,76561198093591520,55,mano esse jogo é mt bom pqpqpqpqp,True,False,1439999929
17615546,76561198122900804,634,"positiva ótimo game, consegue ser bem envolvente com o jogador, apesar do jogo não ser longo é praticamente impossível não passar horas jogando esse game após alguns minutos de teste. não presenciei nenhum bug em pouco mais 4 horas de game. existem 6 personagens para poder usar, cada um deles possui um diferencial dando assim ao jogador uma variedade de escolha com seu estilo de game (mas é claro que irá jogar com todos ou quase todos). não é pesado e apesar de ser um game gratuito, ele vale mais que muitos jogos por ai. negativo o tutorial apesar de ser bem explicativo ele deixa algo a desejar que é compensado pela própria jogatina.",True,True,1439996050
17614777,76561198037168768,309,"relic hunters alem de free é divertidissimo, comparado ao brural force q é pago e uma merda!",True,False,1439992255
17614351,76561198032045840,85,"opções de linguagem: ""hue"" 10/10",True,False,1439990022
17611786,76561198121977027,197,"relic hunter é um jogo distribuído pela ""zueira digital"", bom pelo nome da distribuidora você já deve imaginar o que vem por ai! o jogo é totalmente traduzido em português do brasil, e além do português o jogo possui tradução para uma infinitividade de outros idiomas, inclusive o idioma mais esquecido pelas grandes empresas, o hue! exatamente, o jogo é totalmente traduzido para o hue-br! embora o jogo aparente ser simples, ele é bem complexo, e com uma dificuldade notável! é possível jogar em coop local, o que significa zoeira em dobro! jogabilidade: 11/10 trilha sonora: 11/10 zoeira: 8000+ bom jogo!",True,False,1439975682
17610408,76561198049112108,302,"muito bom o jogo, mas não entendi o fato dele ter cartas apesar de não ter como pega-las",True,False,1439966305
17608941,76561198007056649,269,é um jogo para passar o tempo e brincar. recomendo você ter ele em sua conta steam.,True,False,1439955485
17608787,76561198083949143,361,"de fato um jogo maravilhoso, não só considerando a indústria brasileira de games, esse jogo tem um visual fantástico e uma mecânica incrível. grau de dificuldade médio-alto na minha opinião. o único ponto realmente fraco é não possuir o coop online, espero que novas atualizações venham para adicionar esse recurso, algo online traria uma experiência mais agradável aos jogadores. 8.5/10",True,False,1439954398
17608587,76561198083932082,148,jogo divertido e bem difícil. recomendo pra quem gosta de jogos do gênero.,True,False,1439952932
17608336,76561198098789301,432,"quero parabenizar a zueira games pelo excelente trabalho! a rogue também não pode ficar de fora, então meus parabéns também. o jogo é muito fantástico e divertido! qualidade hue !",True,False,1439951245
17607545,76561198060063883,19,jogo brasileiro e lindo !,True,False,1439946407
17607372,76561197991460038,49,"que jogo, meus amigos. que jogo. adoro o precision shot e a caixinha que explode. fica melhor com amigos. não consigo passar da fase 2-2. recomendadíssimo!",True,False,1439945458
17607221,76561198051494910,423,bom jogo grátis e que roda até na minha torradeira. vale o download,True,False,1439944490
17606990,76561198225535492,9,.bem bosta,True,False,1439943181
17606986,76561198086057964,205,"joguei quase 1 hora e gostei muito do que vi. controles respondem muito bem, trilha sonora empolgante que dá ritmo ao seu jogo. sei que o jogo é curto em números de levels mas isso é recompensado pela proposta do desafio e as mecânicas de desbloqueio. e pra quem não sabe, o jogo tem o código aberto, ou seja, se você manja dos paranauê de programação é uma ótima oportunidade. existe até um tutorial no site do jogo http://www.relichunters.com.br/ ensinado a fazer edições básicas!! [b][strike]modifique o jogo e ganhe muito dinheiro huahuahua[/strike][/b] encontrei apenas 2 probleminhas nesse pouco tempo de jogo, uma vez terminei a fase mas uma arma dropou no mesmo local do portal e como o comando para entrar no portal e pegar a arma dropada é o mesmo fiquei um bom tempo tentando entrar no portal. a solução foi meio sem querer, eu segurei o botão antes de me sobrepor ao portal e a arma. o outro foi um crash logo após morrer. certamente colocarei um gameplay no meu canal pra divulgar esse belo trabalho brasileiro. [b]link do canal [/b][url=www.gncd.com.br][h1]www.gncd.com.br[/h1][/url] ps: além dos indiomas português e inglês, existe o hue!!! um idioma que dá uma zoada até nos nomes dos personagens, brilhante!",True,True,1439943157
17606853,76561197992743196,21,"jogo fantástico, pagaria de 5 a 15 reais sem medo nele, muito divertido, fácil de aprender e difícil de dominar, excelente qualidade gráfica e jogabilidade muito boa! de longe um must play brasileiro, parabéns pelo jogo e obrigado por ser free!",True,False,1439942323
17606340,76561198058502329,780,vlw rogue snail e zueira digital por mais otimo pra caralho jogo espero ter dinheiro pra comprar seu chroma squad por favor continuem com esse trabalho magnifico!!!! me lembra tboi e nuclear trone (ta errado o nome mas blz),True,False,1439939532
17606323,76561198066685954,445,jogo simples e bom so digo isso e ainda eh free,True,False,1439939404
17606316,76561198158621258,345,muito bom gostaria um multiplayer nesse otimo jogo,True,False,1439939363
17606120,76561198043094822,290,"posso dizer que é um dos melhores jogos free que já joguei, simples e dinâmico,um jogo rapido onde precisa prestar atenção a todos os inimigos jogo simples e divertido",True,False,1439937970
17605491,76561198088534025,51,"este jogo está de graça, baixa logo ele! quer mais motivos? ok, ai vão eles: - modo hue de linguagem, não vou falar mais detalhes não, vão ter de descobrir sozinhos. - jogo feito por brs, já baixou agora? - dos mesmos produtores de chroma squad, da pra baixar agora! - essa coisa é feita em estilo 8 bits, quer que eu desenhe? - e tem uma mula espacial. gg.",True,False,1439935190
17605088,76561198170615601,305,ooooooootimo recomendo pra todo mundo,True,False,1439933366
17604942,76561198155601515,8,"não rodou no meu pc da xuxa d:, mas pelas gameplays parece legal.",True,False,1439932723
17604919,76561198082438826,207,melhor jogo free da internet!,True,False,1439932620
17604793,76561198149944002,2198,"nossa!!! esse game é demais além de ser 2d de 16bits, eu acho, mas esse game vale apena jogar se você for aquele cara que gosta muito de jogos de tiro+16bits esse jogo é excelente pra você.",True,False,1439932121
17604561,76561198095917598,2497,"um dos melhores jogos gratuitos que já joguei e com certeza se fosse pago ia valer a pena. parabéns aos desenvolvedores por esse projeto the game is great! i love the soundtrack i love the gameplay i love the weapons i love the style i currently dont see anything bad with it. and my rating is: 10/10 edit: oh and it reminds me of nuclear throne really, really good it might be kinda hard, but whatever, it's free! it's a pretty tactical game, with simple level design. :i a freakin awesome free open source (actually not, cuz it uses proprietary engine, but development is open for all) top down twin stick shooter, much better than a lot of b2p proprietary games",True,False,1439931098
17604213,76561198113377811,191,br: o jogo e muito bom eu esperei muito pra ele lançar e valeu a pena 10/10 en: the game and very good i waited a long throw him and it paid off 10/10,True,False,1439929633
17603690,76561198076396349,245,"é difícil explicar ao certo o que mais me agradou em “relic hunters”. sua aparente simplicidade e ar ""fofo"" desaparece quando você se vê acuado por inimigos em algum canto do mapa, ou tem que se virar com o fiapo que lhe restou de vida enquanto ainda há muitos patos/tartarugas(??) pra trucidar. é uma experiência legitimamente divertida e desafiadora tanto no single quanto no multiplayer. não há nada de tremendamente elaborado do ponto de vista mecânico ou de design, nenhuma história de fundo complexa, mas ainda assim eles foram inegavelmente competentes em tudo aquilo que se propuseram a fazer. o ""feel"" das armas/tiros é muito prazeroso, e as nuances estratégicas, mesmo sutis, são suficientemente variadas para satisfazer qualquer fã de shooters. sendo um dos raros casos de games verdadeiramente gratuitos disponíveis na steam, “relic hunters” surpreende ao provar que mesmo as propostas mais simples podem ser realmente interessantes quando bem executadas. desde já fico na torcida para que uma versão maior e mais elaborada do jogo seja lançada futuramente. potencial não falta.",True,False,1439927583
17603650,76561198070478593,16,muito bom e simples recomendo,True,False,1439927400
17603246,76561198190492128,369,"ae, jogo maneiraço! vale muito a pena!",True,False,1439925728
17603019,76561198111264110,432,"simplesmente divertido e muito desafiador <3 , os pontos mais fortes que eu gostei nesse jogo foi sua arte e sua jogabilidade fluida :) , recomendo jogarem pois vale a pena , e tbm gostei pq ele é um jogo feito por brasileiros <3",True,False,1439924789
17601651,76561198075067340,471,totalmente free e desafiador ^^,True,False,1439919521
17601061,76561198040567749,213,muito divertido otimo jogo e empolgante,True,False,1439917077
17600788,76561198015172415,184,"só achei ruim por não ter a opção de resolução de 1360. teve um erro também durante a primeira fase que ele falou que minha placa de vídeo não era suportada ou compatível, mas não saiu do jogo, foi só uma mensagem. tirando isso, parece muito divertido e os gráficos são ótimos.",True,False,1439915751
17600051,76561198105236748,11,um dos melhores jogos gratuitos que já joguei e com certeza se fosse pago ia valer a pena. parabéns aos desenvolvedores por esse projeto,True,False,1439912608
